,Total Gap,Fraction Electric Spending,Total Households,Households Poverty <2.5,Avg Total Energy Cost,Fraction Owners,Median Cost Burden,Median Cost Burden Poverty<2.5,Utility Number,Utility Name
0.0,923647.0,0.825663879751143,1785.0,981.0,2391.212890625,0.6140056022408964,5.71999979019165,11.430000305175781,55.0,City of Aberdeen - (MS)
1.0,8345902.0,0.7187867636487072,16442.0,7229.0,2653.173095703125,0.6377569638730082,4.914999961853027,10.220000267028809,84.0,A & N Electric Coop
2.0,8345902.0,0.7187867636487072,16442.0,7229.0,2653.173095703125,0.6377569638730082,4.914999961853027,10.220000267028809,84.0,A & N Electric Coop
3.0,9630114.0,0.6573003000896156,27807.0,9403.0,2707.286376953125,0.7903765238968605,4.239999771118164,9.390000343322754,108.0,Adams-Columbia Electric Coop
8.0,1451507.0,0.6304061176218742,4397.0,1344.0,2855.729736328125,0.772344780532181,4.139999866485596,9.470000267028809,155.0,Agralite Electric Coop
9.0,14209913.0,0.8788221963162869,39570.0,15902.0,2481.0205078125,0.747182208743998,4.199999809265137,9.420000076293945,162.0,Aiken Electric Coop Inc
10.0,107586.0,0.7757941236623045,767.0,291.0,1837.87939453125,0.6597131681877445,2.869999885559082,6.269999980926514,176.0,Ajo Improvement Co
11.0,447141536.0,0.8656437721738859,1101790.0,455030.0,2582.59130859375,0.6783760970783906,4.5,10.079999923706055,195.0,Alabama Power Co
12.0,2066661.0,0.6080916224691721,24868.0,5656.0,1831.159423828125,0.5025333762264758,1.9199999570846558,6.154999732971191,207.0,Alameda Municipal Power
13.0,1284285.0,0.49786045046401345,9995.0,2960.0,2137.257080078125,0.6669334667333667,2.359999895095825,5.670000076293945,213.0,Alaska Electric Light & Power Co.
14.0,5080463.0,0.5787394379551111,2672.0,1573.0,4877.23974609375,0.7271706586826348,9.680000305175781,18.389999389648438,219.0,Alaska Power and Telephone Co
15.0,24359932.0,0.7322491247488349,8822.0,5029.0,6556.60498046875,0.5970301518929948,10.449999809265137,18.479999542236328,221.0,"Alaska Village Elec Coop, Inc"
16.0,5671997.0,0.9021004000442947,25470.0,11060.0,1897.552001953125,0.5302316450726344,3.690000057220459,7.75,230.0,Albany Utility Board
17.0,1416863.0,0.8258617212482108,4280.0,2112.0,1980.973876953125,0.533411214953271,4.284999847412109,9.640000343322754,232.0,City of Albemarle - (NC)
18.0,4568837.0,0.8529983472715316,10641.0,3999.0,2729.548095703125,0.7147824452589042,4.570000171661377,10.350000381469727,240.0,Albemarle Electric Member Corp
19.0,1438314.0,0.8536117287446424,6479.0,3194.0,2100.1904296875,0.6771106652261152,3.890000104904175,6.789999961853027,241.0,Albertville Municipal Utilities Board
21.0,7296110.0,0.8148256579999343,14027.0,7091.0,2584.128662109375,0.6634348043059813,5.739999771118164,10.600000381469727,276.0,Alcorn County Elec Power Assn
22.0,519993.0,0.6976048900820766,6088.0,2219.0,1563.0540771484375,0.5142904073587385,2.7100000381469727,5.25,295.0,City of Alexandria - (MN)
23.0,101146.0,0.6191558309863033,227.0,100.0,2560.000244140625,0.6960352422907489,4.679999828338623,11.199999809265137,296.0,"Alfalfa Electric Coop, Inc"
24.0,101146.0,0.6191558309863033,227.0,100.0,2560.000244140625,0.6960352422907489,4.679999828338623,11.199999809265137,296.0,"Alfalfa Electric Coop, Inc"
25.0,3550393.0,0.8251160326004875,16811.0,8324.0,1725.1373291015625,0.523883171732794,3.4800000190734863,7.130000114440918,298.0,City of Alexandria - (LA)
26.0,5054054.0,0.6183557292463697,8846.0,3212.0,3117.378662109375,0.784535383224056,5.320000171661377,11.699999809265137,305.0,Alger-Delta Coop Electric Assn
27.0,226069.0,0.6022758393135937,1544.0,422.0,2239.191650390625,0.8322538860103627,3.0349998474121094,6.729999542236328,307.0,Algoma Utility Comm
28.0,5175817.0,0.5356531939917979,12454.0,5433.0,2484.757080078125,0.8387666613136342,4.880000114440918,9.4399995803833,392.0,Alpena Power Co
29.0,8268585.0,0.9587259475443477,16730.0,8479.0,2517.66015625,0.6629408248655111,5.289999961853027,10.109999656677246,407.0,Altamaha Electric Member Corp
31.0,146477.0,0.657369118182004,746.0,218.0,2475.429931640625,0.8016085790884718,3.490000009536743,7.949999809265137,471.0,Amana Society Service Co
34.0,3344667.0,0.6663626058825044,17609.0,7104.0,1764.3477783203125,0.42728150377647794,2.950000047683716,7.989999771118164,554.0,City of Ames - (IA)
35.0,11801023.0,0.726236130819748,40893.0,13064.0,2573.334228515625,0.7665859682586261,3.509999990463257,8.930000305175781,562.0,Amicalola Electric Member Corp
36.0,1100229.0,0.7378455853443061,2488.0,1285.0,2250.214599609375,0.5964630225080386,5.175000190734863,9.300000190734863,571.0,City of Amory
37.0,13548730.0,0.8474139798888641,24615.0,7953.0,3097.231689453125,0.7439366240097501,4.039999961853027,8.34000015258789,577.0,City of Alcoa Utilities
38.0,7384320.0,0.6576818345917641,96146.0,31778.0,1714.74267578125,0.46804859276516964,2.0999999046325684,5.099999904632568,590.0,City of Anaheim - (CA)
39.0,1457623.0,0.9180588613078153,3094.0,1490.0,2556.630615234375,0.7436974789915967,5.239999771118164,10.085000038146973,604.0,City of Andalusia
40.0,4825202.0,0.6923478407993142,27682.0,12731.0,1764.7305908203125,0.6137923560436385,3.569999933242798,6.829999923706055,636.0,City of Anderson - (IN)
41.0,10104307.0,0.6459260184602427,124224.0,22000.0,2226.54296875,0.8841447707367336,2.299999952316284,6.320000171661377,689.0,Connexus Energy
43.0,586760.0,0.6277894680377142,8944.0,2354.0,1709.14697265625,0.6110241502683363,2.190000057220459,5.760000228881836,691.0,City of Anoka
44.0,2658241.0,0.8157070011043221,21350.0,5272.0,2199.91455078125,0.6419203747072599,2.549999952316284,6.940000057220459,719.0,Town of Apex- (NC)
45.0,8750312.0,0.9164324319638609,36046.0,15059.0,2257.515380859375,0.7327858847028796,3.940000057220459,7.53000020980835,727.0,Appalachian Electric Coop
46.0,243989616.0,0.8212989978012695,698036.0,300299.0,2252.749267578125,0.714196688995983,4.150000095367432,9.029999732971191,733.0,Appalachian Power Co
47.0,243989616.0,0.8212989978012695,698036.0,300299.0,2252.749267578125,0.714196688995983,4.150000095367432,9.029999732971191,733.0,Appalachian Power Co
48.0,243989616.0,0.8212989978012695,698036.0,300299.0,2252.749267578125,0.714196688995983,4.150000095367432,9.029999732971191,733.0,Appalachian Power Co
49.0,2578244.0,0.8230933086251172,9378.0,3515.0,2407.051513671875,0.7970782682874813,3.8499999046325684,8.470000267028809,750.0,Arab Electric Coop Inc
50.0,244956592.0,0.8414280907873178,946924.0,300251.0,2449.679443359375,0.6825510811849737,3.4100000858306885,8.460000038146973,803.0,Arizona Public Service Co
51.0,134309888.0,0.77557723871555,497097.0,224221.0,2048.85595703125,0.6686723114402219,3.880000114440918,7.920000076293945,814.0,Entergy Arkansas LLC
52.0,134309888.0,0.77557723871555,497097.0,224221.0,2048.85595703125,0.6686723114402219,3.880000114440918,7.920000076293945,814.0,Entergy Arkansas LLC
53.0,15304382.0,0.8040286384393245,43164.0,19997.0,2445.063232421875,0.6783430636641646,4.679999828338623,8.649999618530273,817.0,Arkansas Valley Elec Coop Corp
54.0,15304382.0,0.8040286384393245,43164.0,19997.0,2445.063232421875,0.6783430636641646,4.679999828338623,8.649999618530273,817.0,Arkansas Valley Elec Coop Corp
55.0,6654240.0,0.864610979286103,37987.0,12239.0,2150.271484375,0.780609155763814,3.0199999809265137,7.300000190734863,944.0,City of Athens - (AL)
56.0,2264342.0,0.8701500214406285,8070.0,3497.0,2182.33251953125,0.7521685254027262,3.819999933242798,7.630000114440918,947.0,Athens Utility Board
57.0,133502248.0,0.7010104005983373,371419.0,110452.0,2999.81884765625,0.7441191753787502,3.8299999237060547,9.699999809265137,963.0,Atlantic City Electric Co
58.0,133502248.0,0.7010104005983373,371419.0,110452.0,2999.81884765625,0.7441191753787502,3.8299999237060547,9.699999809265137,963.0,Atlantic City Electric Co
60.0,343426.0,0.5515285764374384,4242.0,1846.0,1578.3284912109375,0.7326732673267327,2.9000000953674316,5.090000152587891,994.0,City of Auburn - (IN)
61.0,1641638.0,0.6309508256006096,11855.0,4559.0,1918.5909423828125,0.7141290594685786,3.130000114440918,6.179999828338623,1009.0,City of Austin - (MN)
62.0,16847358.0,0.8106105042167131,232288.0,57348.0,1644.150390625,0.5652078454332553,1.9299999475479126,5.550000190734863,1015.0,Austin Energy
63.0,720029.0,0.6561796241289605,13220.0,3891.0,1578.5301513671875,0.6690620272314675,1.8600000143051147,4.360000133514404,1050.0,City of Azusa
64.0,8170804.0,0.9557991602510747,43359.0,14159.0,2119.587158203125,0.7778546553195415,3.1600000858306885,7.599999904632568,1149.0,Baldwin County El Member Corp
65.0,172165360.0,0.7130609130665818,1146476.0,295225.0,2210.94091796875,0.6671635516138149,2.549999952316284,7.550000190734863,1167.0,Baltimore Gas & Electric Co
66.0,172165360.0,0.7130609130665818,1146476.0,295225.0,2210.94091796875,0.6671635516138149,2.549999952316284,7.550000190734863,1167.0,Baltimore Gas & Electric Co
67.0,3284801.0,0.7135723679027398,6798.0,2955.0,2859.0068359375,0.6928508384819064,4.900000095367432,9.470000267028809,1169.0,Bailey County Elec Coop Assn
68.0,8760810.0,0.8937246652859203,67301.0,24725.0,1761.32275390625,0.5994413158794074,2.6700000762939453,6.269999980926514,1175.0,"Bandera Electric Coop, Inc"
69.0,93411664.0,0.47279903562087433,173278.0,68695.0,2946.434814453125,0.739516845762301,5.150000095367432,10.859999656677246,1179.0,Versant Power
70.0,93411664.0,0.47279903562087433,173278.0,68695.0,2946.434814453125,0.739516845762301,5.150000095367432,10.859999656677246,1179.0,Versant Power
71.0,93411664.0,0.47279903562087433,173278.0,68695.0,2946.434814453125,0.739516845762301,5.150000095367432,10.859999656677246,1179.0,Versant Power
72.0,93411664.0,0.47279903562087433,173278.0,68695.0,2946.434814453125,0.739516845762301,5.150000095367432,10.859999656677246,1179.0,Versant Power
73.0,239220.0,0.486673449279536,490.0,210.0,2629.151611328125,0.7653061224489796,5.144999980926514,10.760000228881836,1196.0,Village of Baraga - (MI)
74.0,4900246.0,0.5802849632489901,17386.0,6312.0,2373.382568359375,0.7631427585413552,3.8399999141693115,8.399999618530273,1251.0,Barron Electric Coop
75.0,2554497.0,0.8351001332813691,18734.0,5266.0,2056.6357421875,0.6406533575317604,2.559999942779541,6.78000020980835,1273.0,"Bartlett Electric Coop, Inc"
76.0,1927518.0,0.7742952985869352,10465.0,3186.0,2273.047607421875,0.6917343526039178,3.190000057220459,7.380000114440918,1283.0,Bartholomew County Rural E M C
77.0,1436229.0,0.9412655165322733,8938.0,3679.0,1885.1834716796875,0.6906466771089729,3.1700000762939453,6.420000076293945,1300.0,City of Bartow - (FL)
79.0,2099541.0,0.5498593611929364,13254.0,3401.0,2463.47216796875,0.7504149690659424,2.7699999809265137,7.380000114440918,1325.0,City of Batavia - (IL)
80.0,3824108.0,0.6338984360587837,16212.0,7398.0,1972.76904296875,0.6968911917098446,4.190000057220459,7.53000020980835,1366.0,City of Bay City - (MI)
81.0,863482.0,0.8566973246383015,2643.0,1411.0,2077.0810546875,0.5323496027241771,5.070000171661377,8.319999694824219,1456.0,Town of Bedford - (VA)
82.0,9765622.0,0.8795040252473193,32907.0,14569.0,2164.663818359375,0.6988178806940772,3.8299999237060547,8.369999885559082,1458.0,"Beauregard Electric Coop, Inc"
83.0,6189476.0,0.600906219613184,12494.0,4073.0,3274.5703125,0.8544901552745318,4.849999904632568,10.920000076293945,1529.0,"Beltrami Electric Coop, Inc"
84.0,4806161.0,0.8628842003528345,6509.0,3299.0,3029.17431640625,0.7365186664618221,6.769999980926514,11.319999694824219,1578.0,Benton County
85.0,2056588.0,0.8690444037581603,44995.0,14627.0,1463.36083984375,0.6938548727636404,1.9900000095367432,4.460000038146973,1579.0,PUD No 1 of Benton County
86.0,1259871.0,0.8090621504698121,10303.0,3130.0,1909.337646484375,0.7892846743666894,2.5999999046325684,6.480000019073486,1581.0,City of Benton - (AR)
88.0,2822796.0,0.7272495955788719,18925.0,5291.0,2322.87255859375,0.6701717305151915,2.9100000858306885,6.869999885559082,1586.0,City of Bentonville - (AR)
89.0,8900725.0,0.7881658233596168,18378.0,7803.0,2917.415283203125,0.7642833823049298,5.239999771118164,9.75,1591.0,"Big Country Electric Coop, Inc"
96.0,15692356.0,0.9241209749422722,84140.0,25068.0,2316.387451171875,0.7872355597813169,3.119999885559082,7.679999828338623,1613.0,Berkeley Electric Coop Inc
97.0,1036857.0,0.8039771217977129,11504.0,4867.0,1778.4224853515625,0.6842837273991655,2.690000057220459,4.699999809265137,1625.0,Benton Rural Electric Assn
98.0,2361535.0,0.765041371233655,8079.0,3917.0,2070.34228515625,0.6286669142220572,4.079999923706055,8.34000015258789,1640.0,City of Bessemer Utilities
99.0,5300806.0,0.8553131922263203,11518.0,6481.0,2247.100830078125,0.7348498003125543,5.320000171661377,9.34000015258789,1708.0,Big Sandy Rural Elec Coop Corp
100.0,402867.0,0.8192543468438606,4853.0,1998.0,1571.120361328125,0.6651555738718319,2.430000066757202,4.690000057220459,1723.0,"Big Bend Electric Coop, Inc"
101.0,12083704.0,0.7649520427721918,56492.0,19793.0,2205.57763671875,0.7350421298590951,3.309999942779541,7.78000020980835,1738.0,Bonneville Power Administration
102.0,12083704.0,0.7649520427721918,56492.0,19793.0,2205.57763671875,0.7350421298590951,3.309999942779541,7.78000020980835,1738.0,Bonneville Power Administration
103.0,9513341.0,0.9107851839059797,24703.0,11685.0,2268.151611328125,0.6656681374731814,4.670000076293945,9.65999984741211,1763.0,"Black River Electric Coop, Inc - (SC)"
104.0,1183776.0,0.8115271292833496,2899.0,1313.0,2352.43408203125,0.7299068644360124,4.650000095367432,9.84000015258789,1764.0,Black Diamond Power Co
105.0,1657037.0,0.7073109286541869,8968.0,2449.0,2240.89794921875,0.7585860838537021,3.069999933242798,7.71999979019165,1769.0,"Black Hills Electric Coop, Inc"
106.0,5317306.0,0.7557861651730099,17396.0,8291.0,2182.34619140625,0.7878822717866176,4.25,8.220000267028809,1775.0,Black River Electric Coop - (MO)
107.0,408676.0,0.6631509994862347,2063.0,923.0,1707.4755859375,0.5976732913233156,3.4100000858306885,7.710000038146973,1776.0,City of Black River Falls
108.0,7691085.0,0.8387699595535807,17110.0,9420.0,2177.04736328125,0.7552893045002922,5.5,10.119999885559082,1780.0,Black Warrior Elec Member Corp
109.0,1638787.0,0.7128993394881121,1692.0,366.0,5043.90673828125,0.7689125295508275,5.444999694824219,18.729999542236328,1857.0,Block Island Utility District
110.0,4151149.0,0.58629271635334,13325.0,3722.0,2907.987060546875,0.8344465290806754,3.9100000858306885,9.239999771118164,1884.0,BENCO Electric Cooperative
111.0,13337099.0,0.8200811035515798,61583.0,21618.0,2232.73046875,0.7366156244418103,3.3499999046325684,7.650000095367432,1886.0,Blue Grass Energy Coop Corp
112.0,17050480.0,0.7683471994352492,52779.0,24065.0,2263.844970703125,0.7364103147085015,4.429999828338623,8.539999961853027,1889.0,Blue Ridge Elec Member Corp - (NC)
113.0,19906106.0,0.866907866609024,53271.0,21146.0,2635.15283203125,0.7558709241425916,4.380000114440918,9.569999694824219,1890.0,Blue Ridge Electric Coop Inc - (SC)
114.0,11906551.0,0.6778278430636576,29319.0,12126.0,2518.17919921875,0.8099866980456359,4.690000057220459,10.114999771118164,1891.0,Blue Ridge Mountain EMC - (GA)
115.0,11906551.0,0.6778278430636576,29319.0,12126.0,2518.17919921875,0.8099866980456359,4.690000057220459,10.114999771118164,1891.0,Blue Ridge Mountain EMC - (GA)
116.0,19858544.0,0.8363453772063952,196099.0,50825.0,1844.67724609375,0.6065762701492613,2.200000047683716,6.199999809265137,1892.0,"Bluebonnet Electric Coop, Inc"
117.0,334699.0,0.6085360169360796,3180.0,1009.0,1600.24560546875,0.690251572327044,2.4700000286102295,6.460000038146973,1896.0,City of Bluffton - (IN)
118.0,4337149.0,0.8639570450132493,6135.0,3229.0,2964.654541015625,0.6854115729421353,6.71999979019165,11.260000228881836,1936.0,Bolivar Energy Authority
120.0,6260563.0,0.7658952141945278,29780.0,10099.0,2228.343017578125,0.580859637340497,3.450000047683716,8.130000114440918,2001.0,Boone Electric Coop
121.0,263135.0,0.8586252310377194,2549.0,908.0,1767.8056640625,0.5747351902706944,2.75,5.71999979019165,2008.0,City of Boulder City - (NV)
122.0,813743.0,0.5929465901800732,13275.0,3055.0,1726.5543212890625,0.7146516007532957,2.009999990463257,5.21999979019165,2010.0,City of Bountiful
123.0,21746756.0,0.8172412249339953,61199.0,27202.0,2387.369873046875,0.6835405807284433,4.25,9.039999961853027,2049.0,"Bowie-Cass Electric Coop, Inc"
124.0,2638254.0,0.6869663248324441,9403.0,4547.0,2070.228271484375,0.36116133148995,4.309999942779541,7.920000076293945,2054.0,City of Bowling Green - (OH)
125.0,4452133.0,0.7367802338599316,22680.0,11165.0,1779.672119140625,0.4000440917107584,3.740000009536743,6.960000038146973,2056.0,City of Bowling Green - (KY)
126.0,832566.0,0.557038483001288,2662.0,741.0,2905.1787109375,0.6705484598046582,3.6700000762939453,9.789999961853027,2089.0,Bozrah Light & Power Company
127.0,3865725.0,0.5010486437651399,28573.0,6288.0,2315.232666015625,0.6849123298218598,2.390000104904175,7.920000076293945,2144.0,Town of Braintree - (MA)
129.0,8172497.0,0.8963897652169909,18729.0,7266.0,2814.813232421875,0.8232153345079822,4.590000152587891,9.869999885559082,2212.0,"Broad River Electric Coop, Inc"
130.0,8172497.0,0.8963897652169909,18729.0,7266.0,2814.813232421875,0.8232153345079822,4.590000152587891,9.869999885559082,2212.0,"Broad River Electric Coop, Inc"
131.0,3699276.0,0.9090601158512611,25512.0,10899.0,1707.4315185546875,0.7524694261523989,3.2100000381469727,6.309999942779541,2247.0,City of Bristol - (TN)
132.0,2764318.0,0.863671664474144,12660.0,5489.0,1830.14697265625,0.7307266982622432,3.549999952316284,7.46999979019165,2248.0,Bristol Virginia Utilities
133.0,181468.0,0.5988135174286012,1419.0,389.0,2178.504638671875,0.7364341085271318,2.890000104904175,6.820000171661377,2273.0,Brodhead Water & Lighting Comm
134.0,152942.0,0.708351234066208,2331.0,658.0,1952.4903564453125,0.6507936507936508,2.5199999809265137,5.840000152587891,2285.0,City of Brookings - (SD)
135.0,154856.0,0.6312420575277345,1913.0,519.0,1659.3282470703125,0.5875588081547308,2.0299999713897705,5.150000095367432,2394.0,Burke-Divide Electric Coop Inc
136.0,25079932.0,0.9689450097472875,93983.0,53462.0,1936.64453125,0.6557994530925806,4.150000095367432,7.239999771118164,2409.0,Brownsville Public Utilities Board
137.0,635700.0,0.7946701548587993,1058.0,701.0,2010.780517578125,0.32608695652173914,7.164999961853027,14.319999694824219,2411.0,City of Brownsville
139.0,533586.0,0.7266601725866703,2539.0,811.0,2403.9384765625,0.671918077983458,3.109999895095825,7.579999923706055,2487.0,City of Buford
140.0,24698820.0,0.7796199649144523,34085.0,14462.0,3337.09375,0.7642071292357342,6.059999942779541,12.024999618530273,2502.0,"Buckeye Rural Elec Coop, Inc"
141.0,3303585.0,0.666891714833458,43357.0,12678.0,1478.3955078125,0.42841986299790114,1.850000023841858,6.349999904632568,2507.0,City of Burbank Water and Power
142.0,3936935.0,0.5434333739454645,15762.0,5893.0,2131.655517578125,0.38770460601446516,3.309999942779541,8.489999771118164,2548.0,City of Burlington Electric - (VT)
144.0,6514972.0,0.7687473318350864,15636.0,4063.0,3480.774169921875,0.8231005372217959,4.300000190734863,10.640000343322754,2651.0,Butler Rural Electric Coop Inc - (OH)
145.0,718095.0,0.6685704241208271,4077.0,1138.0,2376.556396484375,0.8221731665440275,3.309999942779541,7.869999885559082,2652.0,Butler County Rural Elec Coop - (IA)
146.0,6542273.0,0.8194619505244016,16420.0,7685.0,2312.408447265625,0.6914129110840439,4.610000133514404,9.640000343322754,2678.0,C & L Electric Coop Corp
147.0,1806077.0,0.7603417107302161,3341.0,1304.0,3278.5087890625,0.6902125112241844,5.309999942779541,9.970000267028809,2774.0,CMS Electric Coop Inc
148.0,950411.0,0.8379526345561515,3828.0,1743.0,2228.7080078125,0.5190700104493208,3.869999885559082,7.170000076293945,2812.0,City of Calhoun - (GA)
152.0,10622260.0,0.8012858384443577,26176.0,11770.0,2440.984619140625,0.8056234718826406,4.449999809265137,9.739999771118164,2849.0,Central Electric Power Assn - (MS)
153.0,4662317.0,0.9455731539504875,19236.0,7739.0,2150.669921875,0.5536494073611977,3.609999895095825,7.840000152587891,2903.0,Canoochee Electric Member Corp
154.0,7073587.0,0.7953033140497512,20465.0,9461.0,2358.6142578125,0.724505252870755,4.429999828338623,8.739999771118164,2911.0,"Canadian Valley Elec Coop, Inc"
155.0,7418113.0,0.864644813985574,26919.0,12794.0,2133.555419921875,0.7623611575467142,4.179999828338623,7.71999979019165,2960.0,"Caney Fork Electric Coop, Inc"
156.0,1374325.0,0.6773175756651554,16315.0,3928.0,1802.297607421875,0.7073245479619982,2.2200000286102295,6.090000152587891,2985.0,"Capital Electric Coop, Inc"
157.0,258574544.0,0.844906998061064,1208773.0,436387.0,2099.337646484375,0.6573459202017252,3.240000009536743,7.739999771118164,3046.0,Duke Energy Progress - (NC)
158.0,258574544.0,0.844906998061064,1208773.0,436387.0,2099.337646484375,0.6573459202017252,3.240000009536743,7.739999771118164,3046.0,Duke Energy Progress - (NC)
159.0,5769427.0,0.833185558108369,11518.0,5621.0,2642.711181640625,0.7628928633443306,5.420000076293945,9.630000114440918,3075.0,Carroll County - (TN)
160.0,17103660.0,0.7628026930510626,44201.0,17667.0,2625.63330078125,0.6899165177258433,4.170000076293945,9.140000343322754,3081.0,Carroll Electric Member Corp - (GA)
161.0,11345018.0,0.708250726225795,75032.0,26385.0,2117.636962890625,0.6554003625119948,3.059999942779541,6.389999866485596,3093.0,Carroll Electric Coop Corp - (AR)
162.0,11345018.0,0.708250726225795,75032.0,26385.0,2117.636962890625,0.6554003625119948,3.059999942779541,6.389999866485596,3093.0,Carroll Electric Coop Corp - (AR)
163.0,3348196.0,0.9317421105890717,23090.0,7945.0,1967.01806640625,0.7013425725422261,3.119999885559082,7.03000020980835,3107.0,Carteret-Craven El Member Corp
164.0,1329452.0,0.8014680439340459,5708.0,2283.0,2125.59814453125,0.6117729502452698,3.390000104904175,7.550000190734863,3108.0,City of Cartersville - (GA)
165.0,1461280.0,0.7927055178202734,4060.0,2353.0,2214.8212890625,0.4970443349753695,5.095000267028809,7.659999847412109,3113.0,City of Carthage - (MO)
166.0,2409842.0,0.6815325104456094,18304.0,6498.0,1840.358642578125,0.6782670454545454,2.890000104904175,6.420000076293945,3203.0,Cedar Falls Utilities
167.0,746885.0,0.6160685874920654,5479.0,1759.0,1962.1375732421875,0.7937579850337653,2.8499999046325684,6.659999847412109,3205.0,Cedar-Knox Public Power Dist
168.0,240815.0,0.5980618962360771,5333.0,1126.0,1799.3721923828125,0.7522970185636603,2.1500000953674316,5.385000228881836,3208.0,Cedarburg Light & Water Comm
170.0,14731832.0,0.8813151092593865,36622.0,14503.0,2710.531005859375,0.7306537054229698,4.460000038146973,10.0,3222.0,Central Alabama Electric Coop
171.0,4496251.0,0.7839998345850702,16073.0,6620.0,2230.476806640625,0.6686990605363031,3.7699999809265137,8.390000343322754,3226.0,"Central Rural Electric Cooperative, Inc"
172.0,2149191.0,0.7010110133484593,6670.0,2324.0,2534.261474609375,0.6772113943028486,4.139999866485596,8.90999984741211,3236.0,"Central Electric Coop, Inc - (SD)"
173.0,1236233.0,0.7364797049027128,13644.0,3404.0,1985.1639404296875,0.8375842861330988,2.4700000286102295,6.429999828338623,3240.0,Central Electric Coop Inc - (OR)
174.0,6820046.0,0.9273350589529795,16646.0,8522.0,2389.712890625,0.8061996876126397,5.099999904632568,8.960000038146973,3245.0,"Central Florida Elec Coop, Inc"
175.0,8185741.0,0.7823839667847088,43572.0,14199.0,2317.72021484375,0.7490590287340494,3.25,7.349999904632568,3248.0,Central Georgia El Member Corp
176.0,94848144.0,0.5343970368005572,228816.0,63801.0,3175.5126953125,0.688653765470946,4.039999961853027,11.350000381469727,3249.0,Central Hudson Gas & Elec Corp
177.0,94848144.0,0.5343970368005572,228816.0,63801.0,3175.5126953125,0.688653765470946,4.039999961853027,11.350000381469727,3249.0,Central Hudson Gas & Elec Corp
178.0,5382168.0,0.8997037340718288,18385.0,6898.0,2436.352294921875,0.6699483274408485,3.700000047683716,8.555000305175781,3250.0,Central Electric Membership Corp. - (NC)
179.0,3204429.0,0.8716253548215354,22326.0,8493.0,1722.6380615234375,0.7218041745050614,2.9800000190734863,6.570000171661377,3264.0,Central Lincoln People's Ut Dt
180.0,52690376.0,0.8736646598652843,160686.0,68935.0,2281.47802734375,0.716266507349738,4.019999980926514,9.130000114440918,3265.0,Cleco Power LLC
181.0,148830624.0,0.46672883593861875,415541.0,129074.0,2841.556396484375,0.7325173689238847,4.110000133514404,9.920000076293945,3266.0,Central Maine Power Co
182.0,148830624.0,0.46672883593861875,415541.0,129074.0,2841.556396484375,0.7325173689238847,4.110000133514404,9.920000076293945,3266.0,Central Maine Power Co
183.0,2846310.0,0.7074120925497625,9861.0,4210.0,2370.349853515625,0.7242673156880641,4.230000019073486,8.145000457763672,3268.0,Central Missouri Elec Coop Inc
184.0,10596172.0,0.6429306517197779,19148.0,6602.0,3159.25390625,0.8688635888865678,4.639999866485596,12.045000076293945,3273.0,"Central New Mexico El Coop, Inc"
185.0,6682458.0,0.837848189396932,40606.0,12486.0,2134.120361328125,0.7462197704772694,2.940000057220459,7.150000095367432,3282.0,"Central Texas Elec Coop, Inc"
186.0,1583809.0,0.7711708375261176,4364.0,2101.0,2378.764892578125,0.7000458295142071,4.28000020980835,7.849999904632568,3287.0,"Central Valley Elec Coop, Inc"
187.0,10882263.0,0.7855573589836794,31712.0,8733.0,2840.612060546875,0.7452383955600403,3.7100000381469727,10.65999984741211,3291.0,Central Virginia Electric Coop
188.0,143826.0,0.8019969195503276,1805.0,815.0,1401.9071044921875,0.5462603878116343,2.549999952316284,5.460000038146973,3295.0,City of Centralia - (WA)
189.0,1490611.0,0.7117875895573953,12274.0,3545.0,2027.810546875,0.718266253869969,2.7899999618530273,6.360000133514404,3329.0,Borough of Chambersburg
190.0,999153.0,0.6402857588702707,4803.0,1998.0,2035.5877685546875,0.7503643556110764,3.7300000190734863,7.404999732971191,3355.0,City of Chanute
191.0,1175228.0,0.7070569850627416,10031.0,2268.0,2381.142578125,0.6961419599242349,2.619999885559082,7.050000190734863,3400.0,City of Chaska - (MN)
192.0,27784660.0,0.8213969494118725,147610.0,54095.0,1994.0028076171875,0.6248289411286498,3.25,7.510000228881836,3408.0,City of Chattanooga - (TN)
193.0,27784660.0,0.8213969494118725,147610.0,54095.0,1994.0028076171875,0.6248289411286498,3.25,7.510000228881836,3408.0,City of Chattanooga - (TN)
194.0,268428.0,0.8571801816444503,29474.0,10374.0,722.0083618164062,0.630827169708896,1.0199999809265137,2.130000114440918,3413.0,PUD No 1 of Chelan County
195.0,5434510.0,0.8502451671815121,10319.0,5000.0,2678.868896484375,0.7794359918596764,5.710000038146973,10.460000038146973,3426.0,Cherokee Electric Coop - (AL)
196.0,9198553.0,0.5283895706052315,30709.0,10148.0,2477.8232421875,0.8329479957015858,3.759999990463257,8.619999885559082,3436.0,Cherryland Electric Coop Inc
197.0,4559306.0,0.6868568566452424,33193.0,9808.0,2073.97802734375,0.6936703521826891,2.930000066757202,6.849999904632568,3461.0,Cheyenne Light Fuel & Power
198.0,10857444.0,0.8221860561747032,40983.0,16238.0,2264.61572265625,0.6826977039260181,3.6500000953674316,8.069999694824219,3470.0,Cherokee County Elec Coop Assn - (TX)
199.0,147703.0,0.7766623548646957,730.0,222.0,2417.486083984375,0.7465753424657534,3.684999942779541,7.194999694824219,3475.0,City of Chickamauga
200.0,14200520.0,0.4574707097346245,47367.0,17694.0,2449.608642578125,0.6105727616272932,3.7300000190734863,8.720000267028809,3477.0,City of Chicopee - (MA)
201.0,2128003.0,0.7808199737297007,12686.0,3544.0,2384.108642578125,0.717405013400599,2.990000009536743,7.489999771118164,3478.0,Cimarron Electric Coop
202.0,5494384.0,0.8598857250754326,24878.0,8711.0,2275.162841796875,0.8207251386767425,3.2200000286102295,7.809999942779541,3502.0,"Choctawhatche Elec Coop, Inc"
203.0,20202372.0,0.7388248412127462,57340.0,18162.0,2845.941162109375,0.7056505057551448,3.859999895095825,9.569999694824219,3503.0,"Choptank Electric Cooperative, Inc"
204.0,17700940.0,0.5648122781880777,87858.0,29693.0,2516.980712890625,0.6002640624644312,2.9100000858306885,6.440000057220459,3522.0,Chugach Electric Assn Inc
205.0,10064748.0,0.848125273528073,17470.0,9092.0,2651.58642578125,0.7159702346880367,5.769999980926514,10.819999694824219,3527.0,Choctaw Electric Coop Inc
206.0,75483056.0,0.7356304172342654,514270.0,166592.0,1976.208984375,0.6379372703054815,2.8299999237060547,6.96999979019165,3542.0,Duke Energy Ohio Inc
207.0,75483056.0,0.7356304172342654,514270.0,166592.0,1976.208984375,0.6379372703054815,2.8299999237060547,6.96999979019165,3542.0,Duke Energy Ohio Inc
210.0,6800817.0,0.7868385651787074,22747.0,7465.0,2728.647705078125,0.8021277531103003,4.019999980926514,8.930000305175781,3600.0,Citizens Electric Corporation - (MO)
211.0,5730989.0,0.7975370563769297,18117.0,9428.0,1935.1959228515625,0.6281945134404151,4.420000076293945,8.470000267028809,3641.0,"Claiborne Electric Coop, Inc"
212.0,5327061.0,0.8724292425040838,24579.0,8567.0,2051.886962890625,0.7595915212172993,3.059999942779541,7.159999847412109,3644.0,PUD No 1 of Clallam County
213.0,3226253.0,0.8012025643016331,9925.0,3019.0,2966.724609375,0.7819647355163728,4.039999961853027,9.180000305175781,3647.0,City of Claremore
214.0,5812040.0,0.7692415649193168,182811.0,46780.0,1454.9796142578125,0.6655835808567319,1.7200000286102295,4.28000020980835,3660.0,PUD No 1 of Clark County - (WA)
215.0,9273417.0,0.8070619187142144,31180.0,12924.0,2287.3359375,0.7124438742783836,3.8299999237060547,8.470000267028809,3687.0,Clark Energy Coop Inc - (KY)
216.0,10253903.0,0.9005018177519618,25745.0,11761.0,2414.4609375,0.44152262575257334,4.039999961853027,6.880000114440918,3704.0,City of Clarksville - (TN)
217.0,509543.0,0.7609088622127417,3143.0,1744.0,1545.849853515625,0.7101495386573338,3.390000104904175,5.5,3705.0,Clarksville Connected Utilities
218.0,5341587.0,0.7734065205840337,8617.0,4511.0,2866.81787109375,0.7026807473598701,6.190000057220459,10.670000076293945,3712.0,Clay County Electric Coop Corp - (AR)
219.0,5341587.0,0.7734065205840337,8617.0,4511.0,2866.81787109375,0.7026807473598701,6.190000057220459,10.670000076293945,3712.0,Clay County Electric Coop Corp - (AR)
220.0,60637508.0,0.6346670351453895,333528.0,115208.0,2022.64990234375,0.6600405363267852,3.130000114440918,7.599999904632568,3755.0,Cleveland Electric Illum Co
221.0,60637508.0,0.6346670351453895,333528.0,115208.0,2022.64990234375,0.6600405363267852,3.130000114440918,7.599999904632568,3755.0,Cleveland Electric Illum Co
222.0,27970808.0,0.893531187640407,134028.0,58030.0,1938.7332763671875,0.6933178141880801,3.5199999809265137,7.079999923706055,3757.0,"Clay Electric Cooperative, Inc - (FL)"
223.0,3264761.0,0.9054950337290218,16822.0,8079.0,1858.2469482421875,0.4802639400784687,3.690000057220459,6.599999904632568,3758.0,City of Cleveland - (TN)
224.0,30494568.0,0.6570504220119292,131378.0,50035.0,2049.280029296875,0.5829667067545555,3.4800000190734863,8.350000381469727,3762.0,City of Cleveland - (OH)
225.0,8136767.0,0.8670092596922174,24654.0,10151.0,2286.589599609375,0.7434493388496796,3.809999942779541,7.960000038146973,3812.0,City of Clinton - (TN)
226.0,1225186.0,0.6127851307681748,5589.0,1989.0,2270.17822265625,0.7296475219180533,3.700000047683716,7.539999961853027,3824.0,Clyde Light & Power
227.0,8820603.0,0.5088876902680737,20196.0,8224.0,2605.72509765625,0.7475242622301446,4.710000038146973,10.069999694824219,3828.0,Cloverland Electric Co-op
228.0,18266872.0,0.9387438901352089,68019.0,28927.0,2163.07275390625,0.6847351475323071,3.819999933242798,8.050000190734863,3841.0,Coast Electric Power Assn - (MS)
229.0,2778959.0,0.96706131289588,11958.0,3161.0,2496.021484375,0.791018564977421,2.9600000381469727,9.460000038146973,3843.0,Coastal Electric Member Corp - (GA)
230.0,4635172.0,0.8197360742996498,15545.0,6456.0,2307.369384765625,0.6236732068189128,3.809999942779541,7.184999942779541,3855.0,Columbia Power System - (TN)
231.0,1846294.0,0.6878295321775674,5137.0,2199.0,2478.599609375,0.7360327039127895,4.690000057220459,9.020000457763672,3892.0,City of Coffeyville - (KS)
232.0,1277701.0,0.5556127775712368,5433.0,2051.0,2295.22412109375,0.7596171544266519,3.7799999713897705,7.400000095367432,3915.0,Coldwater Board of Public Util
233.0,21713992.0,0.6559831665225689,163520.0,37871.0,2343.460693359375,0.7801859099804306,2.549999952316284,7.460000038146973,3916.0,Cobb Electric Membership Corp
234.0,3367503.0,0.7447869063707186,11400.0,4381.0,2392.833740234375,0.6578070175438596,4.199999809265137,8.65999984741211,3931.0,Coles-Moultrie Electric Coop
235.0,678617.0,0.979423825238708,1502.0,677.0,2477.307373046875,0.7057256990679095,4.545000076293945,11.359999656677246,3939.0,City of College Park - (GA)
236.0,12174410.0,0.8736801504211794,43462.0,20450.0,1944.136962890625,0.4128203948276655,3.859999895095825,8.420000076293945,3940.0,City of College Station - (TX)
237.0,19723480.0,0.6848812664492037,185104.0,56070.0,1871.411865234375,0.6078852969141672,2.549999952316284,6.059999942779541,3989.0,City of Colorado Springs - (CO)
239.0,2476042.0,0.6684562157900957,20339.0,8127.0,1855.466796875,0.5923103397413836,2.6700000762939453,5.46999979019165,4003.0,City of Colton - (CA)
240.0,1161559.0,0.8388528470313099,3582.0,959.0,3012.97314453125,0.7445561139028476,3.809999942779541,10.4399995803833,4041.0,"Columbia Rural Elec Assn, Inc"
241.0,1161559.0,0.8388528470313099,3582.0,959.0,3012.97314453125,0.7445561139028476,3.809999942779541,10.4399995803833,4041.0,"Columbia Rural Elec Assn, Inc"
242.0,10535746.0,0.7811756004716403,40676.0,13943.0,2398.068359375,0.5822598092241125,3.740000009536743,8.789999961853027,4045.0,City of Columbia - (MO)
243.0,14200574.0,0.790210745848885,26435.0,10661.0,2958.990478515625,0.7987516550028372,5.090000152587891,11.020000457763672,4063.0,Co-Mo Electric Coop Inc
244.0,2387554.0,0.6766119426815651,26427.0,8188.0,1651.702880859375,0.5313126726454005,2.4000000953674316,5.920000076293945,4065.0,City of Columbus - (OH)
245.0,4155223.0,0.7316377902568125,5815.0,3713.0,2220.70361328125,0.4705073086844368,8.199999809265137,13.779999732971191,4068.0,City of Columbus - (MS)
254.0,618326080.0,0.5368761684266871,3392922.0,1023971.0,2201.873291015625,0.6466703331228952,2.8299999237060547,7.630000114440918,4110.0,Commonwealth Edison Co
255.0,618326080.0,0.5368761684266871,3392922.0,1023971.0,2201.873291015625,0.6466703331228952,2.8299999237060547,7.630000114440918,4110.0,Commonwealth Edison Co
256.0,8511844.0,0.8502909395747381,23274.0,8741.0,2677.0927734375,0.6841539915785856,4.255000114440918,9.319999694824219,4146.0,Concho Valley Elec Coop Inc
257.0,2327507.0,0.7771188326401778,24395.0,7196.0,1911.86083984375,0.7317073170731707,2.4700000286102295,5.880000114440918,4150.0,City of Concord - (NC)
258.0,2672330.0,0.8176127183867408,9953.0,4589.0,2044.4163818359375,0.7203858133226163,3.809999942779541,7.670000076293945,4153.0,"Concordia Electric Coop, Inc"
259.0,4931361.0,0.795198207941583,11296.0,3578.0,3168.587158203125,0.7585871104815864,4.829999923706055,10.4399995803833,4160.0,Callaway Electric Cooperative
260.0,399987232.0,0.575614145634263,1043649.0,291423.0,3151.850830078125,0.6670096938721735,3.890000104904175,10.779999732971191,4176.0,Connecticut Light & Power Co
261.0,399987232.0,0.575614145634263,1043649.0,291423.0,3151.850830078125,0.6670096938721735,3.890000104904175,10.779999732971191,4176.0,Connecticut Light & Power Co
262.0,1970039552.0,0.6391076233830973,3456978.0,1262172.0,3176.298583984375,0.35554637605446143,4.539999961853027,12.40999984741211,4226.0,Consolidated Edison Co-NY Inc
263.0,1970039552.0,0.6391076233830973,3456978.0,1262172.0,3176.298583984375,0.35554637605446143,4.539999961853027,12.40999984741211,4226.0,Consolidated Edison Co-NY Inc
264.0,2295048.0,0.7608510773057977,6919.0,2926.0,2438.48876953125,0.7259719612660789,4.489999771118164,8.539999961853027,4237.0,Consolidated Electric Coop
265.0,270707.0,0.3966130713571648,4117.0,1116.0,1531.9249267578125,0.7714355112946321,2.049999952316284,4.710000038146973,4247.0,Consolidated Water Power Co
266.0,474945600.0,0.6598599642548353,1417198.0,501237.0,2634.057861328125,0.7341451229821098,4.139999866485596,9.170000076293945,4254.0,Consumers Energy Co - (MI)
267.0,474945600.0,0.6598599642548353,1417198.0,501237.0,2634.057861328125,0.7341451229821098,4.139999866485596,9.170000076293945,4254.0,Consumers Energy Co - (MI)
268.0,5365158.0,0.8107015971694128,29950.0,7474.0,2490.02294921875,0.6625709515859767,2.859999895095825,7.860000133514404,4262.0,Cooke County Elec Coop Assn
269.0,16243020.0,0.6329079324416168,39568.0,16701.0,2532.156982421875,0.8007733522038011,4.130000114440918,9.149999618530273,4265.0,Continental Divide El Coop Inc
270.0,2580962.0,0.7596294427346916,23921.0,9820.0,1471.1578369140625,0.6125998077003469,2.4000000953674316,5.360000133514404,4280.0,Conway Corporation
271.0,1587311.0,0.8663195197196618,11406.0,5637.0,1505.958984375,0.38085218306154656,3.240000009536743,6.150000095367432,4294.0,City of Cookeville - (TN)
272.0,4887604.0,0.8258105948685033,14651.0,6575.0,2432.181640625,0.7065046754487748,4.619999885559082,8.460000038146973,4295.0,Comanche County Elec Coop Assn
273.0,7963299.0,0.837201120779753,14943.0,7722.0,2679.56787109375,0.758482232483437,5.78000020980835,9.819999694824219,4296.0,"Cookson Hills Elec Coop, Inc"
274.0,2198579.0,0.8903239892671947,10788.0,4112.0,1982.8388671875,0.7605672969966629,3.319999933242798,7.489999771118164,4317.0,"Coos-Curry Electric Coop, Inc"
275.0,5898222.0,0.8650174953265517,12673.0,5715.0,2654.381103515625,0.7490728320050501,4.940000057220459,10.1899995803833,4327.0,Coosa Valley Electric Coop Inc
279.0,13187877.0,0.6167079297363851,46041.0,15059.0,2509.75390625,0.7126039834060945,3.569999933242798,8.859999656677246,4362.0,Corn Belt Energy Corporation
280.0,906241.0,0.7907941519654955,7791.0,2457.0,2030.5260009765625,0.7568989860094981,2.950000047683716,6.139999866485596,4373.0,Cornhusker Public Power Dist
283.0,4806540.0,0.8325090984629504,16711.0,7024.0,2344.158447265625,0.6068457901980732,4.099999904632568,8.319999694824219,4401.0,"Cotton Electric Coop, Inc"
288.0,8934659.0,0.9229527589849439,17213.0,8122.0,2706.083251953125,0.7407773194678441,5.510000228881836,10.789999961853027,4430.0,"Covington Electric Coop, Inc"
289.0,10845672.0,0.6706879624204465,59706.0,12898.0,2745.577392578125,0.8309717616319968,2.950000047683716,8.369999885559082,4432.0,Coweta-Fayette El Member Corp
290.0,2156040.0,0.8045512689356105,9605.0,3362.0,2391.155029296875,0.7348256116605935,3.380000114440918,7.739999771118164,4433.0,City of Covington - (GA)
291.0,1052281.0,0.7726417859618393,2111.0,1344.0,2007.1904296875,0.3960208432022738,6.730000019073486,10.380000114440918,4437.0,City of Covington - (TN)
292.0,2475460.0,0.8964967400710626,42476.0,14991.0,1422.5015869140625,0.6567708823806385,2.0799999237060547,4.71999979019165,4442.0,PUD No 1 of Cowlitz County
293.0,1693215.0,0.645548445612192,7963.0,2903.0,2318.01171875,0.7522290593997237,3.6600000858306885,7.150000095367432,4508.0,"Crawfordsville Elec, Lgt & Pwr"
294.0,5344454.0,0.8059892979419231,20080.0,9324.0,2182.325927734375,0.6059760956175299,4.130000114440918,7.675000190734863,4509.0,Craighead Electric Coop Corp
295.0,5386296.0,0.7993150580993652,17539.0,6843.0,2359.792724609375,0.7512400935059012,4.130000114440918,8.65999984741211,4524.0,"Crawford Electric Coop, Inc"
296.0,2593832.0,0.9186075753205488,8045.0,4001.0,2130.59130859375,0.6640149160969546,4.489999771118164,8.430000305175781,4538.0,Crisp County Power Comm
297.0,8087256.0,0.61350402216418,27524.0,8190.0,2533.536376953125,0.8367243133265514,3.5899999141693115,8.880000114440918,4577.0,Crow Wing Cooperative Power & Light Comp
298.0,765727.0,0.5113901109387867,1192.0,497.0,2935.990234375,0.8355704697986577,5.789999961853027,12.0,4604.0,City of Crystal Falls
299.0,148221.0,0.6017065589100945,903.0,324.0,2090.420654296875,0.7408637873754153,3.369999885559082,6.815000057220459,4607.0,City of Cuba City
300.0,2142876.0,0.8872880883279791,5820.0,2561.0,2511.383544921875,0.7487972508591065,4.429999828338623,8.729999542236328,4617.0,Cullman Power Board
301.0,11388413.0,0.8920365600413979,30495.0,13235.0,2554.315673828125,0.7586817511067389,4.570000171661377,8.800000190734863,4618.0,"Cullman Electric Coop, Inc"
302.0,8445368.0,0.8422455403599134,19155.0,12060.0,1982.5528564453125,0.6644218219785957,5.710000038146973,9.390000343322754,4622.0,"Cumberland Valley Electric, Inc."
303.0,8445368.0,0.8422455403599134,19155.0,12060.0,1982.5528564453125,0.6644218219785957,5.710000038146973,9.390000343322754,4622.0,"Cumberland Valley Electric, Inc."
304.0,40357392.0,0.8769574382351863,125425.0,36561.0,2862.55126953125,0.7522503488140323,3.569999933242798,8.539999961853027,4624.0,Cumberland Elec Member Corp
306.0,4786438.0,0.7216671625103306,62282.0,13403.0,1898.6683349609375,0.8358915898654506,2.119999885559082,5.96999979019165,4675.0,Cuivre River Electric Coop Inc
307.0,8318010.0,0.6264079402092898,47912.0,16373.0,1979.454345703125,0.6651569544164301,3.0199999809265137,7.460000038146973,4683.0,City of Cuyahoga Falls - (OH)
308.0,1078750.0,0.50488949442922,3566.0,1145.0,2559.1982421875,0.8696017947279865,3.9250001907348633,9.579999923706055,4715.0,Dahlberg Light & Power Co
309.0,1326210.0,0.7014567711250905,4798.0,1608.0,2426.224853515625,0.7325969153814089,3.819999933242798,9.130000114440918,4717.0,Dakota Valley Elec Coop Inc
310.0,1319963.0,0.7414485669030122,3408.0,1231.0,2786.17236328125,0.6945422535211268,4.570000171661377,9.430000305175781,4720.0,Dakota Energy Coop Inc
311.0,1865441.0,0.7947909047883567,17111.0,6368.0,1660.593994140625,0.5719712465665362,2.6600000858306885,5.860000133514404,4743.0,"Consumers Power, Inc"
312.0,1513491.0,0.9051535395604272,10513.0,5142.0,1746.81689453125,0.5360030438504708,3.0799999237060547,5.559999942779541,4744.0,Dalton Utilities
313.0,22965212.0,0.8249155730017821,34701.0,16816.0,2808.303466796875,0.6850234863548601,5.960000038146973,11.550000190734863,4794.0,City of Danville - (VA)
314.0,2455242.0,0.7488142241565507,7321.0,2741.0,2580.223388671875,0.7440240404316351,3.9200000762939453,8.800000190734863,4848.0,Daviess Martin County R E M C
315.0,3881596.0,0.733624285096903,24071.0,8478.0,2147.516845703125,0.6899173279049479,3.2300000190734863,6.864999771118164,4911.0,Dawson Power District
316.0,2017969.0,0.808294089261548,7525.0,3910.0,2033.0653076171875,0.7140199335548173,4.25,7.505000114440918,4920.0,City of Dayton - (TN)
317.0,67625688.0,0.5532237988139921,453964.0,155859.0,1959.1309814453125,0.6711126873496577,2.940000057220459,6.409999847412109,4922.0,Dayton Power & Light Co
318.0,67625688.0,0.5532237988139921,453964.0,155859.0,1959.1309814453125,0.6711126873496577,2.940000057220459,6.409999847412109,4922.0,Dayton Power & Light Co
319.0,2551850.0,0.6718370600787728,8613.0,3932.0,2427.935791015625,0.6652734238941136,4.380000114440918,7.570000171661377,4939.0,"Deaf Smith Electric Coop, Inc"
320.0,3059107.0,0.8358801449087583,19193.0,8318.0,1809.556640625,0.589694159328922,3.390000104904175,6.559999942779541,4958.0,Decatur Utilities
321.0,2320829.0,0.7915955071353824,7437.0,2468.0,2667.96875,0.7430415490116983,3.880000114440918,8.625,4960.0,Decatur County Rural E M C
322.0,14259996.0,0.8494551967015082,44023.0,20943.0,2201.905517578125,0.7335256570429094,4.320000171661377,8.329999923706055,4975.0,Deep East Texas Elec Coop Inc
323.0,89954424.0,0.7007635431114613,353431.0,102611.0,2462.162109375,0.7218240618395104,3.200000047683716,8.670000076293945,5027.0,Delmarva Power
324.0,89954424.0,0.7007635431114613,353431.0,102611.0,2462.162109375,0.7218240618395104,3.200000047683716,8.670000076293945,5027.0,Delmarva Power
325.0,89954424.0,0.7007635431114613,353431.0,102611.0,2462.162109375,0.7218240618395104,3.200000047683716,8.670000076293945,5027.0,Delmarva Power
326.0,89954424.0,0.7007635431114613,353431.0,102611.0,2462.162109375,0.7218240618395104,3.200000047683716,8.670000076293945,5027.0,Delmarva Power
327.0,10437723.0,0.7882723661299915,106915.0,23163.0,2165.0068359375,0.6506290043492494,2.309999942779541,6.389999866485596,5063.0,City of Denton - (TX)
328.0,10797981.0,0.6780933209661226,42052.0,15163.0,2294.35009765625,0.7483829544373632,3.4700000286102295,7.829999923706055,5070.0,Delaware Electric Cooperative
329.0,63893076.0,0.8127673265297469,523541.0,143508.0,2080.563720703125,0.6242452835594537,2.4800000190734863,6.460000038146973,5078.0,"Denton County Elec Coop, Inc"
330.0,10180913.0,0.597777901776441,27993.0,11009.0,2469.55078125,0.7434715821812596,4.110000133514404,8.949999809265137,5086.0,Delta Montrose Electric Assn
331.0,437123808.0,0.6749270856240517,1849840.0,594181.0,2296.916748046875,0.7009719759546772,3.2799999713897705,8.470000267028809,5109.0,DTE Electric Company
332.0,437123808.0,0.6749270856240517,1849840.0,594181.0,2296.916748046875,0.7009719759546772,3.2799999713897705,8.470000267028809,5109.0,DTE Electric Company
333.0,9389913.0,0.853679428179787,27342.0,8844.0,2693.461181640625,0.7978202033501572,3.7100000381469727,8.130000114440918,5148.0,City of Dickson
334.0,12338641.0,0.8243433138533796,30762.0,16167.0,2148.835693359375,0.7775177166634158,4.869999885559082,9.399999618530273,5175.0,Dixie Electric Power Assn - (MS)
335.0,18726948.0,0.8412612830008213,88753.0,31821.0,2099.93994140625,0.6847543181638931,3.140000104904175,7.78000020980835,5202.0,Dixie Electric Membership Corp - (LA)
336.0,5908425.0,0.8697355933626798,17945.0,6336.0,2384.805908203125,0.6832543884090276,3.450000047683716,10.25,5204.0,Dixie Electric Coop - (AL)
337.0,1699967.0,0.9605293354137334,11858.0,4989.0,1701.326171875,0.5581042334289088,3.140000104904175,6.559999942779541,5309.0,City of Dothan - (AL)
338.0,811298.0,0.9695412265553053,3585.0,1852.0,1735.87255859375,0.6499302649930265,3.6700000762939453,7.139999866485596,5325.0,City of Douglas
339.0,93050.0,0.8859709191308631,15278.0,4997.0,699.5458984375,0.6775755989003797,0.949999988079071,1.909999966621399,5326.0,PUD No 1 of Douglas County
340.0,4475383.0,0.6601154342938934,19833.0,6895.0,2284.64404296875,0.6699944536882972,3.2799999713897705,7.53000020980835,5335.0,City of Dover - (DE)
341.0,1347025.0,0.6844585358631086,6072.0,2570.0,2089.457763671875,0.5176218708827405,4.079999923706055,7.845000267028809,5336.0,City of Dover - (OH)
342.0,3334676.0,0.696090603895883,12367.0,3803.0,2538.51025390625,0.8538853400177893,3.759999990463257,9.069999694824219,5394.0,Dubois Rural Electric Coop Inc
343.0,24629404.0,0.8225950219671527,75729.0,27611.0,2615.309814453125,0.7405749448692046,3.9800000190734863,8.25,5399.0,Duck River Elec Member Corp
344.0,307521856.0,0.8035669054299572,1987248.0,706441.0,1903.5921630859375,0.6569310926467155,2.9100000858306885,6.769999980926514,5416.0,"Duke Energy Carolinas, LLC"
345.0,307521856.0,0.8035669054299572,1987248.0,706441.0,1903.5921630859375,0.6569310926467155,2.9100000858306885,6.769999980926514,5416.0,"Duke Energy Carolinas, LLC"
346.0,1971734.0,0.5942858619971273,8511.0,2521.0,2486.03369140625,0.7322288802725884,3.359999895095825,8.449999809265137,5417.0,Dunn County Electric Coop
348.0,4844231.0,0.5111136287546,23369.0,6864.0,2461.59033203125,0.6360563139201506,3.0,8.28499984741211,5480.0,Town of Danvers
349.0,108021632.0,0.6351625688980658,514011.0,169404.0,2148.28076171875,0.6303094680853133,3.259999990463257,8.260000228881836,5487.0,Duquesne Light Co
350.0,108021632.0,0.6351625688980658,514011.0,169404.0,2148.28076171875,0.6303094680853133,3.259999990463257,8.260000228881836,5487.0,Duquesne Light Co
351.0,4165996.0,0.8394287529727112,8239.0,3963.0,2507.842529296875,0.5412064570943076,5.039999961853027,9.729999542236328,5509.0,City of Dyersburg
352.0,8210457.0,0.8450201338707499,18446.0,8499.0,2522.5927734375,0.6070692833134554,5.019999980926514,10.140000343322754,5535.0,Egyptian Electric Coop Assn
353.0,250550.0,0.5706371720661633,954.0,313.0,2306.6748046875,0.7809224318658281,3.7300000190734863,8.84000015258789,5551.0,City of Eagle River - (WI)
354.0,16292853.0,0.6234234262879398,46394.0,12898.0,3033.658203125,0.8487735483036599,3.9700000286102295,9.84000015258789,5574.0,East Central Energy
355.0,16292853.0,0.6234234262879398,46394.0,12898.0,3033.658203125,0.8487735483036599,3.9700000286102295,9.84000015258789,5574.0,East Central Energy
356.0,5714802.0,0.7690991270482411,7906.0,4242.0,2796.09375,0.752592967366557,6.550000190734863,11.949999809265137,5578.0,East Mississippi Elec Pwr Assn
357.0,3795049.0,0.7891151149760147,13126.0,3793.0,2557.555908203125,0.5241505409111686,3.299999952316284,10.119999885559082,5582.0,City of East Point - (GA)
358.0,4392967.0,0.7217312360575776,15131.0,5756.0,2343.30419921875,0.6119225431233891,3.859999895095825,8.96500015258789,5585.0,Eastern Illinois Elec Coop
359.0,1225183.0,0.6243104662786608,8427.0,2477.0,2162.3837890625,0.8320873383173134,2.990000009536743,7.059999942779541,5588.0,East-Central Iowa Rural Elec Coop
360.0,7786764.0,0.7890446687243446,27900.0,11539.0,2241.6376953125,0.6739068100358423,3.740000009536743,8.289999961853027,5598.0,East Central Oklahoma Elec Coop Inc
361.0,3462027.0,0.6533695312732891,22345.0,7157.0,2125.787841796875,0.716580890579548,3.1700000762939453,6.980000019073486,5605.0,Eastern Iowa Light & Power Coop
362.0,6811897.0,0.46871739819092806,9384.0,4589.0,2949.518310546875,0.78154305200341,6.364999771118164,11.850000381469727,5609.0,Eastern Maine Electric Coop
363.0,1695526.0,0.7359504464566043,9744.0,2588.0,2265.214111328125,0.7372742200328407,2.799999952316284,7.760000228881836,5625.0,Easton Utilities Comm
364.0,8090696.0,0.9058678805438972,12809.0,6874.0,2656.791748046875,0.7340932157077055,6.090000152587891,11.869999885559082,5644.0,"Edisto Electric Coop, Inc"
365.0,5488869.0,0.8388747250674269,9108.0,4801.0,2697.092041015625,0.562362758014932,6.090000152587891,11.050000190734863,5656.0,Edgecombe-Martin County E M C
366.0,5412864.0,0.7743599562050636,32588.0,12697.0,1959.403564453125,0.5859825702712655,3.2300000190734863,6.760000228881836,5661.0,City of Edmond - (OK)
367.0,93027328.0,0.7890456239722247,369849.0,183642.0,1964.10791015625,0.6323148095574139,3.7899999618530273,7.289999961853027,5701.0,El Paso Electric Co
368.0,93027328.0,0.7890456239722247,369849.0,183642.0,1964.10791015625,0.6323148095574139,3.7899999618530273,7.289999961853027,5701.0,El Paso Electric Co
371.0,1861707.0,0.82524175597289,4667.0,2620.0,1947.7333984375,0.34926076708806514,5.019999980926514,9.295000076293945,5760.0,City of Elizabeth City - (NC)
372.0,5223006.0,0.876039410817344,20687.0,10058.0,1926.9599609375,0.6992797409000822,4.019999980926514,7.789999961853027,5763.0,City of Elizabethton - (TN)
373.0,765097.0,0.6768857741819571,8933.0,2058.0,2139.6005859375,0.8009627224896452,2.390000104904175,5.809999942779541,5773.0,City of Elk River
374.0,878734.0,0.6832176539107807,6547.0,2423.0,1820.5755615234375,0.6971131816098977,3.059999942779541,6.46999979019165,5780.0,Elkhorn Rural Public Pwr Dist
375.0,555830.0,0.6517557946850809,13923.0,3140.0,1498.207763671875,0.7708827120591827,1.659999966621399,4.570000171661377,5832.0,Elmhurst Mutual Power & Light Co
376.0,668469.0,0.7441359459201614,3544.0,1024.0,2484.4130859375,0.6749435665914221,3.184999942779541,7.574999809265137,5860.0,Empire District Electric Co
377.0,668469.0,0.7441359459201614,3544.0,1024.0,2484.4130859375,0.6749435665914221,3.184999942779541,7.574999809265137,5860.0,Empire District Electric Co
378.0,668469.0,0.7441359459201614,3544.0,1024.0,2484.4130859375,0.6749435665914221,3.184999942779541,7.574999809265137,5860.0,Empire District Electric Co
379.0,668469.0,0.7441359459201614,3544.0,1024.0,2484.4130859375,0.6749435665914221,3.184999942779541,7.574999809265137,5860.0,Empire District Electric Co
380.0,3591503.0,0.5755113620007811,11987.0,4605.0,2444.5546875,0.7478101276382748,3.880000114440918,8.390000343322754,5862.0,"Empire Electric Assn, Inc"
381.0,3591503.0,0.5755113620007811,11987.0,4605.0,2444.5546875,0.7478101276382748,3.880000114440918,8.390000343322754,5862.0,"Empire Electric Assn, Inc"
384.0,4180298.0,0.9537557008568005,19556.0,9206.0,1879.30126953125,0.5565555328287993,3.619999885559082,7.210000038146973,5905.0,Excelsior Electric Member Corp
385.0,8668126.0,0.885779041415031,24721.0,8666.0,2621.97802734375,0.8214473524533797,3.9600000381469727,9.890000343322754,5929.0,"Fairfield Electric Coop, Inc"
386.0,1731866.0,0.3841340582879452,19651.0,5765.0,1644.27880859375,0.6704493410004579,2.1500000953674316,5.820000171661377,5930.0,Village of Fairport - (NY)
387.0,1795110.0,0.8137298423209884,6714.0,3085.0,1990.389892578125,0.7415847482871611,3.994999885559082,8.359999656677246,5961.0,Town of Erwin - (TN)
390.0,6915987.0,0.8752029689528681,70422.0,26158.0,1657.3482666015625,0.5401721053080003,2.630000114440918,5.769999980926514,6022.0,City of Eugene - (OR)
391.0,454006.0,0.6378316168426352,3632.0,1124.0,2033.363037109375,0.6952092511013216,2.9549999237060547,6.570000171661377,6043.0,City of Evansville
392.0,948445.0,0.8114626546122884,2909.0,1802.0,1736.259521484375,0.2856651770367824,4.739999771118164,8.515000343322754,6149.0,City of Ellensburg - (WA)
393.0,5256122.0,0.6034863563537772,26496.0,10850.0,2237.587890625,0.6874622584541062,3.25,5.929999828338623,6169.0,Fall River Rural Elec Coop Inc
394.0,5256122.0,0.6034863563537772,26496.0,10850.0,2237.587890625,0.6874622584541062,3.25,5.929999828338623,6169.0,Fall River Rural Elec Coop Inc
395.0,5256122.0,0.6034863563537772,26496.0,10850.0,2237.587890625,0.6874622584541062,3.25,5.929999828338623,6169.0,Fall River Rural Elec Coop Inc
396.0,3938494.0,0.6762723043445806,11253.0,4247.0,2642.854248046875,0.7665511419177108,4.28000020980835,8.829999923706055,6181.0,"Farmers Electric Coop, Inc - (MO)"
397.0,17778552.0,0.8161705827365984,137715.0,40155.0,2075.427490234375,0.6293214246814073,2.5299999713897705,6.489999771118164,6182.0,"Farmers Electric Coop, Inc - (TX)"
398.0,10195715.0,0.8875316779282567,27038.0,9373.0,2817.99365234375,0.7759819513277609,4.110000133514404,9.619999885559082,6183.0,"Fayette Electric Coop, Inc"
399.0,5811309.0,0.8196140607515181,19405.0,9612.0,2158.16455078125,0.725637722236537,4.349999904632568,7.860000133514404,6194.0,Farmers Rural Electric Coop Corp - (KY)
400.0,7334861.0,0.5334859504721049,9282.0,4796.0,2854.924560546875,0.6669898728722258,6.159999847412109,11.529999732971191,6198.0,"Farmers Electric Coop, Inc - (NM)"
401.0,2171435.0,0.5761513881757333,12910.0,6147.0,1702.840576171875,0.6114639814097599,3.200000047683716,6.099999904632568,6204.0,City of Farmington - (NM)
402.0,1058929.0,0.850506434459162,6188.0,2809.0,1850.622802734375,0.5481577246283129,3.690000057220459,6.730000019073486,6205.0,City of Farmington - (MO)
404.0,4620480.0,0.7871459080903909,14032.0,5096.0,2615.132080078125,0.7735889395667047,4.039999961853027,8.770000457763672,6234.0,City of Fayetteville
405.0,13297767.0,0.8906446929773524,64736.0,28846.0,1847.8101806640625,0.4824981463173505,3.5399999618530273,6.960000038146973,6235.0,Fayetteville Public Works Commission
406.0,1601139.0,0.5276398948418826,6466.0,1827.0,2378.989990234375,0.8425610887720384,3.3499999046325684,8.640000343322754,6258.0,Federated Rural Electric Assn
407.0,1601139.0,0.5276398948418826,6466.0,1827.0,2378.989990234375,0.8425610887720384,3.3499999046325684,8.640000343322754,6258.0,Federated Rural Electric Assn
408.0,20199094.0,0.8191748503274437,74749.0,30070.0,2227.053955078125,0.7126516742698898,3.809999942779541,7.989999771118164,6342.0,First Electric Coop Corp
409.0,762010.0,0.6456851515551039,780.0,185.0,5124.6064453125,0.8333333333333334,5.25,16.530000686645508,6369.0,Fishers Island Utility Co Inc
410.0,12934611.0,0.6181079722523579,38417.0,9260.0,3166.367431640625,0.6278991071660983,3.490000009536743,11.109999656677246,6374.0,Fitchburg Gas & Elec Light Co
411.0,12934611.0,0.6181079722523579,38417.0,9260.0,3166.367431640625,0.6278991071660983,3.490000009536743,11.109999656677246,6374.0,Fitchburg Gas & Elec Light Co
412.0,6205694.0,0.6291469095927953,41646.0,14090.0,1907.609130859375,0.7527973875042021,2.890000104904175,6.369999885559082,6395.0,Flathead Electric Coop Inc
413.0,18942220.0,0.9369870081681457,68832.0,24470.0,2448.365478515625,0.6575865876336587,3.5199999809265137,8.65999984741211,6411.0,Flint Electric Membership Corp
414.0,8814856.0,0.8323255359593413,38668.0,16720.0,2087.420654296875,0.6678649012103031,3.799999952316284,7.230000019073486,6422.0,City of Florence - (AL)
415.0,608576.0,0.5236770216552192,1337.0,525.0,2628.99951171875,0.8833208676140614,4.690000057220459,11.3100004196167,6424.0,Florence Utility Comm
416.0,2861399.0,0.9213639615199567,20614.0,6787.0,1986.70849609375,0.8278839623556806,2.559999942779541,6.579999923706055,6427.0,City of Floresville
417.0,6437075.0,0.8202935393713972,20293.0,9714.0,2187.786376953125,0.7414872123392303,4.340000152587891,8.300000190734863,6442.0,Fleming-Mason Energy Coop Inc
418.0,313155.0,0.9511033094358925,1650.0,593.0,1999.79150390625,0.68,3.2950000762939453,7.730000019073486,6443.0,"Florida Keys El Coop Assn, Inc"
419.0,520200352.0,0.9546714905560802,3485651.0,1235550.0,1939.1007080078125,0.6600003844332092,2.9100000858306885,6.679999828338623,6452.0,Florida Power & Light Co
420.0,305349888.0,0.9349542595800917,1396160.0,490502.0,2246.870849609375,0.7043204217281687,3.4800000190734863,7.820000171661377,6455.0,"Duke Energy Florida, LLC"
421.0,6670085.0,0.9282269891939314,20945.0,7636.0,2462.423583984375,0.7831463356409645,3.9000000953674316,9.199999809265137,6457.0,Florida Public Utilities Co
428.0,7134108.0,0.9538142776625176,38968.0,12853.0,2098.50146484375,0.7760213508519811,3.119999885559082,7.369999885559082,6491.0,Foley Board of Utilities
429.0,209818.0,0.8069142370070127,3802.0,1414.0,1411.17529296875,0.54471330878485,2.1500000953674316,4.484999656677246,6582.0,City of Forest Grove
430.0,5106334.0,0.6457388991177454,58267.0,19236.0,1605.654541015625,0.5083666569413219,2.2799999713897705,5.510000228881836,6604.0,City of Fort Collins - (CO)
431.0,9094723.0,0.8570288621270743,27817.0,10136.0,2594.41455078125,0.8356760254520617,3.990000009536743,8.760000228881836,6608.0,Fort Loudoun Electric Coop
432.0,115720.0,0.6409223658614814,2771.0,1155.0,1212.9072265625,0.5247203175748827,2.2699999809265137,3.940000057220459,6610.0,City of Fort Morgan
433.0,1827723.0,0.8678328460697519,5758.0,3028.0,2113.653076171875,0.7158735672108371,4.460000038146973,8.145000457763672,6612.0,Fort Payne Improvement Authority
434.0,5292262.0,0.9540445223820674,19606.0,10725.0,1901.5146484375,0.5019891869835764,4.46999979019165,7.5,6616.0,Fort Pierce Utilities Authority
435.0,442369.0,0.6156200746016814,7207.0,2409.0,1585.4425048828125,0.68558346052449,2.1600000858306885,4.309999942779541,6638.0,City of Fountain
436.0,11766882.0,0.8582798840819265,25581.0,12309.0,2430.0810546875,0.7406278097025136,4.909999847412109,10.130000114440918,6640.0,Four County Elec Member Corp
437.0,21018420.0,0.7879183522129487,41458.0,19738.0,2497.132568359375,0.6379709585604708,5.03000020980835,11.109999656677246,6641.0,4-County Electric Power Assn
438.0,600909.0,0.6501457368500034,5515.0,2542.0,1638.49072265625,0.584950135992747,3.359999895095825,5.650000095367432,6707.0,City of Frankfort - (IN)
439.0,1552069.0,0.736213987916354,14177.0,4922.0,1752.59033203125,0.5457431050292728,2.8399999141693115,5.880000114440918,6708.0,City of Frankfort - (KY)
440.0,3248468.0,0.8397334366686245,11755.0,5078.0,2197.1015625,0.694002552105487,3.9200000762939453,8.380000114440918,6709.0,Easley Combined Utility System
441.0,1678447.0,0.8005709413781514,24608.0,9191.0,1695.7611083984375,0.6915637191157347,2.3399999141693115,4.510000228881836,6716.0,PUD No 1 of Franklin County
442.0,2528840.0,0.8435277924755955,5000.0,2529.0,2676.51220703125,0.7292,5.559999942779541,9.859999656677246,6717.0,Franklin Electric Coop - (AL)
444.0,3461181.0,0.44929515970451694,16008.0,3570.0,2932.068603515625,0.8180909545227386,2.859999895095825,8.954999923706055,6775.0,Village of Freeport - (NY)
445.0,1048665.0,0.7300225774686738,8389.0,2950.0,1865.207763671875,0.6006675408272738,2.9700000286102295,6.744999885559082,6779.0,City of Fremont - (NE)
446.0,3412975.0,0.5801085956623963,15481.0,5040.0,2238.686767578125,0.7945223176797365,3.369999885559082,7.684999942779541,6782.0,Freeborn Mower Electric Cooperative
447.0,3412975.0,0.5801085956623963,15481.0,5040.0,2238.686767578125,0.7945223176797365,3.369999885559082,7.684999942779541,6782.0,Freeborn Mower Electric Cooperative
448.0,7615046.0,0.7941575072181097,31317.0,11444.0,2203.941650390625,0.6635054443273621,3.630000114440918,8.25,6784.0,French Broad Elec Member Corp
449.0,7615046.0,0.7941575072181097,31317.0,11444.0,2203.941650390625,0.6635054443273621,3.630000114440918,8.25,6784.0,French Broad Elec Member Corp
451.0,1727878.0,0.8532378537305314,5135.0,2754.0,2008.258056640625,0.6169425511197663,4.809999942779541,8.270000457763672,6894.0,City of Gaffney - (SC)
452.0,16302778.0,0.8626793846261145,74178.0,29276.0,2023.0072021484375,0.5539647874032733,3.4800000190734863,8.109999656677246,6909.0,Gainesville Regional Utilities
453.0,2899195.0,0.84595575323649,10119.0,4846.0,1995.295166015625,0.5750568237968179,4.0,7.900000095367432,6923.0,City of Gallatin - (TN)
454.0,1397511.0,0.7010529322648834,4770.0,1840.0,2405.621826171875,0.6666666666666666,3.8399999141693115,8.375,6941.0,City of Garden City
455.0,3125093.0,0.6524211309459621,6814.0,2949.0,2504.1103515625,0.7365717640152627,4.650000095367432,9.630000114440918,6957.0,"Garkane Energy Coop, Inc"
456.0,3125093.0,0.6524211309459621,6814.0,2949.0,2504.1103515625,0.7365717640152627,4.650000095367432,9.630000114440918,6957.0,"Garkane Energy Coop, Inc"
457.0,15583424.0,0.8385637405423481,135360.0,48320.0,1720.54443359375,0.5057402482269504,2.509999990463257,5.829999923706055,6958.0,City of Garland - (TX)
458.0,1766489.0,0.7255036525134484,5922.0,2310.0,2291.18701171875,0.8022627490712597,4.135000228881836,8.180000305175781,7024.0,Gascosage Electric Coop
459.0,5592933.0,0.797165047874348,22410.0,8669.0,2209.394287109375,0.6272646140116019,3.5850000381469727,8.399999618530273,7027.0,City of Gastonia - (NC)
460.0,14726177.0,0.7023407650474005,101807.0,27578.0,2215.635498046875,0.7411572878092862,2.759999990463257,7.0,7090.0,GreyStone Power Corporation
461.0,1486111.0,0.5071074857910347,11702.0,3052.0,2245.45947265625,0.7508118270381131,2.559999942779541,6.625,7096.0,City of Geneva- (IL)
462.0,6096653.0,0.8250181456127674,53421.0,11209.0,2287.77587890625,0.6770558394638813,2.4700000286102295,6.96999979019165,7129.0,City of Georgetown - (TX)
463.0,599315200.0,0.8023317858831336,2029040.0,742983.0,2409.446044921875,0.5895487521192287,3.740000009536743,8.9399995803833,7140.0,Georgia Power Co
464.0,21019256.0,0.8543970008620246,35258.0,15645.0,2982.371337890625,0.7166316864257757,5.570000171661377,10.680000305175781,7174.0,Gibson Electric Members Corp
465.0,21019256.0,0.8543970008620246,35258.0,15645.0,2982.371337890625,0.7166316864257757,5.570000171661377,10.680000305175781,7174.0,Gibson Electric Members Corp
466.0,197432.0,0.6069344296949348,3581.0,661.0,1833.970947265625,0.8050823792236805,1.909999966621399,6.090000152587891,7222.0,City of Gillette - (WY)
467.0,5988839.0,0.9483987509528837,11022.0,5479.0,2765.483154296875,0.7645617855198693,5.639999866485596,9.899999618530273,7264.0,"Glades Electric Coop, Inc"
468.0,836133.0,0.5313401900694996,2477.0,1008.0,2437.45703125,0.78118691966088,4.360000133514404,9.154999732971191,7265.0,City of Gladstone
469.0,1358667.0,0.7390906769741835,2924.0,1746.0,2017.130859375,0.5071819425444597,5.730000019073486,11.300000190734863,7270.0,City of Glasgow - (KY)
483.0,12048553.0,0.7040042068508051,73394.0,26415.0,1970.4619140625,0.338133907403875,2.7300000190734863,7.610000133514404,7294.0,City of Glendale - (CA)
484.0,20458588.0,0.5251976498730484,30794.0,10507.0,4144.11474609375,0.6327206598688057,4.980000019073486,10.760000228881836,7353.0,Golden Valley Elec Assn Inc
485.0,6050735.0,0.9482423489250111,16557.0,7509.0,2400.616943359375,0.6461919429848403,4.510000228881836,9.329999923706055,7450.0,Grady Electric Membership Corp
486.0,1230095.0,0.6163633220327779,11730.0,3119.0,2089.1875,0.792924126172208,2.5799999237060547,6.239999771118164,7483.0,City of Grand Haven - (MI)
488.0,4516755.0,0.8469978927114612,23956.0,9643.0,1985.333251953125,0.6956921021873435,3.25,6.949999809265137,7548.0,PUD No 1 of Grays Harbor County
496.0,11555456.0,0.7979252093841906,15668.0,8087.0,2975.28076171875,0.7867628286954301,6.335000038146973,12.079999923706055,7558.0,Grayson Rural Electric Coop Corp
497.0,17281904.0,0.8094096417761908,131491.0,31309.0,2186.465576171875,0.6523031994585181,2.380000114440918,7.019999980926514,7559.0,"Grayson-Collin Elec Coop, Inc"
498.0,4433718.0,0.8059815684134377,7674.0,2479.0,3485.2294921875,0.6965076882981496,4.949999809265137,11.220000267028809,7561.0,"Greenbelt Electric Coop, Inc"
499.0,3018775.0,0.622053565033252,15479.0,4249.0,2381.6943359375,0.7966276891272046,3.059999942779541,7.949999809265137,7563.0,Grand Valley Power
500.0,83947928.0,0.4820633443121224,194799.0,56881.0,3107.95654296875,0.7244441706579603,4.309999942779541,11.109999656677246,7601.0,Green Mountain Power Corp
501.0,6849394.0,0.9148244315462313,27468.0,12698.0,2001.6602783203125,0.7603028979175768,3.890000104904175,7.775000095367432,7625.0,City of Greeneville - (TN)
502.0,700709.0,0.7182485788942957,10048.0,2176.0,2007.65869140625,0.8129976114649682,2.450000047683716,5.760000228881836,7627.0,City of Greenfield - (IN)
503.0,6099819.0,0.7986209099280923,27861.0,10735.0,2184.646484375,0.6894583826854743,3.390000104904175,7.090000152587891,7634.0,City of Greenville - (TX)
504.0,13178108.0,0.8940538790719238,54637.0,23004.0,2001.2073974609375,0.5204714753738309,3.609999895095825,8.050000190734863,7639.0,Greenville Utilities Comm
505.0,1571140.0,0.8240085610255588,9611.0,4440.0,1712.542236328125,0.6408282176672563,3.5199999809265137,6.75,7646.0,Greenwood CPW
506.0,3972972.0,0.6996662967270332,6385.0,3782.0,2425.364013671875,0.6291307752545028,6.769999980926514,11.579999923706055,7651.0,Greenwood Utilities Comm
507.0,3329460.0,0.86849206897665,16248.0,5678.0,2207.54541015625,0.7023018217626785,3.390000104904175,7.739999771118164,7654.0,Greer Commission of Public Wks
508.0,5025425.0,0.7825890697861759,12026.0,5020.0,2766.37939453125,0.6919175120572094,4.710000038146973,9.739999771118164,7679.0,City of Griffin - (GA)
509.0,3152061.0,0.5088997842302464,13470.0,3633.0,2658.942626953125,0.6720118782479584,3.3399999141693115,8.579999923706055,7716.0,Groton Dept of Utilities - (CT)
510.0,25945920.0,0.9065324409702025,166344.0,59626.0,1952.8370361328125,0.6203590150531428,2.880000114440918,6.739999771118164,7752.0,Guadalupe Valley Elec Coop Inc
511.0,4012530.0,0.9171157069152763,13400.0,5492.0,2297.832763671875,0.8161194029850747,3.7799999713897705,8.364999771118164,7785.0,"Gulf Coast Electric Coop, Inc"
,73526848.0,0.8861738429895512,299678.0,102776.0,2373.041259765625,0.6635555496232624,3.609999895095825,8.199999809265137,7801.0,
512.0,1416068.0,0.8494136389303562,4092.0,1843.0,2319.679931640625,0.6950146627565983,4.190000057220459,9.069999694824219,7827.0,Guntersville Electric Board
513.0,7412278.0,0.8103583747238543,22761.0,8339.0,2432.3232421875,0.8058960502614121,3.8499999046325684,8.930000305175781,7887.0,Habersham Electric Membership Corp
514.0,9033747.0,0.7047221162506694,20217.0,7711.0,2915.421630859375,0.8025918781223723,4.800000190734863,9.859999656677246,7891.0,Guernsey-Muskingum El Coop Inc
515.0,2271459.0,0.6299172372066907,17238.0,5866.0,1803.872802734375,0.6541942220675252,2.5199999809265137,6.130000114440918,7908.0,Hagerstown Light Department
516.0,13471865.0,0.781117041410752,53787.0,16890.0,2557.91064453125,0.68555598936546,3.4700000286102295,8.395000457763672,7977.0,City of Hamilton - (OH)
517.0,9860909.0,0.8372959808574594,37240.0,14257.0,2383.105224609375,0.7219387755102041,3.880000114440918,7.78000020980835,7979.0,Hamilton County Elec Coop Assn
518.0,1730358.0,0.7717760705664866,14774.0,3232.0,2388.42236328125,0.8007987004196562,2.940000057220459,6.789999961853027,8000.0,NineStar Connect
519.0,7536406.0,0.6846334811876177,22462.0,8100.0,2752.900634765625,0.682664054848188,4.409999847412109,8.59000015258789,8034.0,Hancock-Wood Electric Coop Inc
520.0,1302312.0,0.6487326094021693,5023.0,2682.0,1843.2257080078125,0.5659964164841728,3.940000057220459,7.315000057220459,8055.0,City of Hannibal - (MO)
521.0,3519614.0,0.8719545105119975,8002.0,3523.0,2483.32666015625,0.6883279180204949,4.550000190734863,10.100000381469727,8147.0,City of Harriman - (TN)
522.0,5922459.0,0.7980183260200071,21039.0,7239.0,2568.484130859375,0.7177147202813822,4.070000171661377,8.920000076293945,8179.0,Harrison County Rural E M C
523.0,3993468.0,0.7721543376050202,17102.0,7709.0,1898.7589111328125,0.39480762483920007,3.5899999141693115,7.409999847412109,8198.0,City of Harrisonburg - (VA)
524.0,11165965.0,0.8305157815129433,25394.0,11383.0,2473.348876953125,0.7612821926439316,4.570000171661377,9.90999984741211,8210.0,Hart Electric Member Corp
525.0,434102.0,0.5922371417442411,6341.0,1452.0,1888.3216552734375,0.7445197918309415,2.3399999141693115,5.565000057220459,8212.0,Hartford Electric
526.0,285858.0,0.8351579063330837,1597.0,555.0,1986.5587158203125,0.5879774577332498,3.4100000858306885,8.199999809265137,8226.0,City of Hartselle
527.0,237638.0,0.7486655102809253,1600.0,629.0,1711.33056640625,0.506875,3.2799999713897705,7.440000057220459,8245.0,City of Hastings - (NE)
528.0,57931464.0,0.8771419195777356,71402.0,28922.0,3736.096923828125,0.6977675695358674,5.199999809265137,12.010000228881836,8287.0,Hawaii Electric Light Co Inc
529.0,806197.0,0.5958264016536817,4556.0,1578.0,2141.49560546875,0.767998244073749,3.4600000381469727,7.315000057220459,8319.0,Heartland Power Coop
530.0,806197.0,0.5958264016536817,4556.0,1578.0,2141.49560546875,0.767998244073749,3.4600000381469727,7.315000057220459,8319.0,Heartland Power Coop
531.0,10835477.0,0.7631674499638936,22549.0,8802.0,2810.24609375,0.7725398022085237,4.960000038146973,10.550000190734863,8333.0,Haywood Electric Member Corp
532.0,10835477.0,0.7631674499638936,22549.0,8802.0,2810.24609375,0.7725398022085237,4.960000038146973,10.550000190734863,8333.0,Haywood Electric Member Corp
533.0,10835477.0,0.7631674499638936,22549.0,8802.0,2810.24609375,0.7725398022085237,4.960000038146973,10.550000190734863,8333.0,Haywood Electric Member Corp
534.0,3410626.0,0.7581619223552949,32423.0,7046.0,2192.095458984375,0.7727539092619437,2.549999952316284,6.380000114440918,8447.0,Hendricks County Rural E M C
535.0,1410685.0,0.6743821652395648,8971.0,3888.0,1678.027587890625,0.5950284249247576,3.140000104904175,6.484999656677246,8449.0,Henderson City Utility Comm
537.0,4227127.0,0.5388732003636691,8032.0,2570.0,3004.459716796875,0.7549800796812749,4.210000038146973,11.220000267028809,8566.0,High Plains Power Inc
538.0,1704944.0,0.6627534349102457,6188.0,2552.0,2389.819580078125,0.709114414996768,4.289999961853027,7.690000057220459,8570.0,Highline Electric Assn
539.0,1704944.0,0.6627534349102457,6188.0,2552.0,2389.819580078125,0.709114414996768,4.289999961853027,7.690000057220459,8570.0,Highline Electric Assn
540.0,6533869.0,0.8071038560782356,32115.0,13062.0,2038.23779296875,0.6143235248326328,3.609999895095825,7.289999961853027,8571.0,Town of High Point
541.0,8388323.0,0.8523995146154696,48435.0,17209.0,2028.873291015625,0.5383297202436255,2.950000047683716,6.829999923706055,8620.0,"HILCO Electric Cooperative, Inc."
542.0,1789777.0,0.5874428699019958,36097.0,11170.0,1334.10205078125,0.6887552982242292,1.8200000524520874,4.110000133514404,8699.0,Inland Power & Light Company
543.0,1789777.0,0.5874428699019958,36097.0,11170.0,1334.10205078125,0.6887552982242292,1.8200000524520874,4.110000133514404,8699.0,Inland Power & Light Company
544.0,2628200.0,0.5689260042431296,22998.0,6562.0,2041.0828857421875,0.8086355335246543,2.640000104904175,6.070000171661377,8723.0,City of Holland
545.0,3304257.0,0.7554309765646471,7779.0,3674.0,2479.05126953125,0.7806916056048335,5.0,9.600000381469727,8748.0,City of Holly Springs
546.0,7189769.0,0.7008100346956372,23874.0,8127.0,2874.9873046875,0.7978135209851721,4.079999923706055,8.229999542236328,8761.0,Holmes-Wayne Electric Coop Inc
547.0,7004099.0,0.9045446275172782,22312.0,10371.0,2226.962890625,0.7933847257081391,4.440000057220459,8.380000114440918,8764.0,"Holston Electric Coop, Inc"
548.0,826201.0,0.6131749356198057,10957.0,2317.0,1896.1920166015625,0.6195126403212559,2.1500000953674316,5.710000038146973,8773.0,"Holy Cross Electric Assn, Inc"
549.0,9879884.0,0.47813490542422127,30534.0,11475.0,2522.4248046875,0.6108272745136569,3.859999895095825,8.949999809265137,8774.0,City of Holyoke - (MA)
550.0,12911685.0,0.946163140442915,61566.0,22034.0,2123.404541015625,0.798476431796771,3.5,7.610000133514404,8786.0,Horry Electric Coop Inc
551.0,3760254.0,0.9761750666112958,23601.0,10376.0,1810.0072021484375,0.5213762128723359,3.049999952316284,6.340000152587891,8795.0,City of Homestead - (FL)
552.0,2172446.0,0.7953320554088656,4750.0,2374.0,2422.260986328125,0.6869473684210526,5.119999885559082,9.770000457763672,8840.0,City of Hope - (AR)
553.0,1439740.0,0.7766873259999444,5008.0,3068.0,1646.861572265625,0.3148961661341853,4.949999809265137,8.100000381469727,8846.0,City of Hopkinsville
554.0,1651050.0,0.39855711079738304,3448.0,1604.0,2615.552734375,0.7236078886310905,5.409999847412109,10.220000267028809,8883.0,Houlton Water Company
555.0,1651050.0,0.39855711079738304,3448.0,1604.0,2615.552734375,0.7236078886310905,5.409999847412109,10.220000267028809,8883.0,Houlton Water Company
556.0,1937120.0,0.8110393529558187,8695.0,3801.0,1868.0107421875,0.7270845313398505,3.130000114440918,7.179999828338623,8884.0,Terrebonne Parish Consol Gov't
557.0,17539524.0,0.8849573927402071,42199.0,19554.0,2551.15478515625,0.6653712173274248,4.869999885559082,9.229999542236328,8898.0,Houston County Elec Coop Inc
558.0,10049306.0,0.7163537799982558,21696.0,11867.0,2338.109130859375,0.6994837758112095,5.329999923706055,9.34000015258789,8934.0,"Howell-Oregon Elec Coop, Inc"
559.0,2707993.0,0.43143288995073886,23248.0,5336.0,2082.84521484375,0.619322092222987,2.1700000762939453,7.059999942779541,8973.0,Town of Hudson - (MA)
560.0,827541.0,0.8184420506951046,1166.0,671.0,2450.65625,0.46397941680960547,6.090000152587891,9.5,9023.0,City of Humboldt
561.0,957870.0,0.8018604184210809,6128.0,1750.0,2131.380615234375,0.5667428198433421,2.930000066757202,7.434999942779541,9087.0,Town of Huntersville - (NC)
562.0,22387116.0,0.8521194436607011,156305.0,48925.0,2020.8123779296875,0.674021944275615,2.7899999618530273,7.039999961853027,9094.0,City of Huntsville - (AL)
563.0,7048670.0,0.9193273154180994,48646.0,18512.0,1699.943115234375,0.6642478312708137,2.6500000953674316,6.909999847412109,9096.0,City of Lafayette - (LA)
564.0,155979.0,0.6511970694479776,1210.0,348.0,2266.01025390625,0.7123966942148761,3.259999990463257,6.399999618530273,9124.0,Hustisford Utilities
565.0,1300456.0,0.5851844901701643,11532.0,3160.0,2065.497802734375,0.7473118279569892,2.9200000762939453,6.234999656677246,9130.0,Hutchinson Utilities Comm
566.0,1472138.0,0.7633610929385897,20794.0,8434.0,1455.255615234375,0.6167163604886025,2.430000066757202,4.619999885559082,9187.0,City of Idaho Falls - (ID)
567.0,49573180.0,0.7290559085147298,422779.0,143581.0,1823.19384765625,0.7097325080006339,2.6500000953674316,5.78000020980835,9191.0,Idaho Power Co
568.0,49573180.0,0.7290559085147298,422779.0,143581.0,1823.19384765625,0.7097325080006339,2.6500000953674316,5.78000020980835,9191.0,Idaho Power Co
569.0,47745952.0,0.7718104636351725,130270.0,58354.0,2362.081298828125,0.6736623934904429,4.239999771118164,9.140000343322754,9216.0,Imperial Irrigation District
570.0,241405.0,0.7208100559325539,1628.0,498.0,2111.5068359375,0.6437346437346437,2.880000114440918,7.885000228881836,9230.0,City of Independence - (IA)
571.0,12320904.0,0.7228614749274943,49533.0,16981.0,2302.31591796875,0.5875476954757435,3.5899999141693115,8.520000457763672,9231.0,City of Independence - (MO)
572.0,3536068.0,0.7567251023366846,12734.0,5278.0,2318.488037109375,0.7479189571226638,3.9700000286102295,7.929999828338623,9246.0,"Indian Electric Coop, Inc"
573.0,53757340.0,0.7484714067038813,404740.0,152675.0,1754.1817626953125,0.5614048524978998,2.9700000286102295,6.349999904632568,9273.0,AES Indiana
574.0,7700312.0,0.8442952274435959,23434.0,10766.0,2301.03173828125,0.7486557992660238,4.389999866485596,8.760000228881836,9292.0,Inter County Energy Coop Corp - (KY)
575.0,97761864.0,0.6952562473369056,389008.0,148383.0,2282.8955078125,0.6956643565170896,3.809999942779541,7.869999885559082,9324.0,Indiana Michigan Power Co
576.0,97761864.0,0.6952562473369056,389008.0,148383.0,2282.8955078125,0.6956643565170896,3.809999942779541,7.869999885559082,9324.0,Indiana Michigan Power Co
577.0,97761864.0,0.6952562473369056,389008.0,148383.0,2282.8955078125,0.6956643565170896,3.809999942779541,7.869999885559082,9324.0,Indiana Michigan Power Co
578.0,10765275.0,0.7930190155424314,30547.0,14044.0,2355.66064453125,0.6844862015909909,4.46999979019165,8.430000305175781,9331.0,Intercounty Electric Coop Assn - (MO)
579.0,11911851.0,0.639034386909512,145947.0,26051.0,2113.6748046875,0.826875509602801,2.0,6.079999923706055,9336.0,CORE Electric Cooperative
580.0,131250464.0,0.7137688065282165,431782.0,140798.0,2637.952880859375,0.7327934003733365,3.9800000190734863,9.1899995803833,9417.0,Interstate Power and Light Co
581.0,2087958.0,0.6775119929285246,9981.0,3271.0,2294.801513671875,0.7493237150586114,3.5999999046325684,7.829999923706055,9425.0,Iowa Lakes Electric Coop
582.0,5106829.0,0.944614037931001,9452.0,5112.0,2460.4111328125,0.6528776978417267,6.059999942779541,10.420000076293945,9431.0,Irwin Electric Membership Corp
583.0,2074525.0,0.6004143480789432,5344.0,1623.0,2914.823486328125,0.9047529940119761,4.239999771118164,10.270000457763672,9475.0,Itasca-Mantrap Co-op Electrical Assn
584.0,21335020.0,0.8438350775696134,40532.0,22846.0,2361.297119140625,0.7660367117339386,5.440000057220459,10.079999923706055,9575.0,Jackson Energy Coop Corp - (KY)
585.0,7555762.0,0.8266292045990944,22366.0,8675.0,2592.301513671875,0.7453724403111867,4.25,9.0,9576.0,Jackson County Rural E M C - (IN)
586.0,18141408.0,0.8301831692274169,124284.0,32942.0,2281.587646484375,0.7357423320781437,2.6600000858306885,7.21999979019165,9590.0,"Jackson Electric Coop, Inc - (TX)"
587.0,42195992.0,0.7937883905020028,192271.0,67504.0,2297.0078125,0.6793536206708239,3.130000114440918,7.420000076293945,9601.0,Jackson Electric Member Corp - (GA)
588.0,7597756.0,0.7734838330335599,19528.0,7495.0,2711.66259765625,0.7902498975829578,4.420000076293945,9.369999885559082,9605.0,Jackson Purchase Energy Corporation
589.0,9600175.0,0.8412220935051868,21439.0,11097.0,2285.9404296875,0.465366854797332,5.159999847412109,9.680000305175781,9612.0,City of Jackson - (TN)
590.0,893730.0,0.6888050890652748,7226.0,2425.0,1799.6204833984375,0.705369499031276,2.799999952316284,6.570000171661377,9613.0,City of Lebanon - (IN)
591.0,2136849.0,0.9161976998990478,25089.0,6598.0,1618.6116943359375,0.6499262625054805,2.0199999809265137,5.949999809265137,9616.0,Beaches Energy Services
592.0,49549336.0,0.9090451849128417,362337.0,125673.0,1787.8414306640625,0.5924181080044268,2.6700000762939453,6.28000020980835,9617.0,JEA
593.0,3841684.0,0.4691264892947045,19496.0,8323.0,1899.6365966796875,0.6936294624538367,3.509999990463257,7.070000171661377,9645.0,Jamestown Board of Public Util
594.0,1858116.0,0.549727841862462,7050.0,2198.0,2525.396484375,0.788936170212766,3.5199999809265137,8.274999618530273,9665.0,Jasper County Rural E M C
595.0,566321.0,0.7381426945873041,5224.0,1818.0,1707.576416015625,0.6313169984686064,2.9200000762939453,6.309999942779541,9667.0,City of Jasper - (IN)
596.0,12561821.0,0.9001073945253768,42149.0,17818.0,2277.70068359375,0.7433153811478327,3.9000000953674316,8.300000190734863,9668.0,"Jasper-Newton Elec Coop, Inc"
597.0,1815428.0,0.9077343849499602,7370.0,3005.0,2184.01220703125,0.7179104477611941,3.559999942779541,7.739999771118164,9682.0,"Jefferson Davis Elec Coop, Inc"
598.0,10990324.0,0.8539980704627994,29202.0,12340.0,2459.378662109375,0.6722827203616191,4.260000228881836,9.039999961853027,9689.0,Jefferson Electric Member Corp
599.0,258138.0,0.6091878750115003,3293.0,893.0,1930.91552734375,0.7263893106589736,2.5199999809265137,5.579999923706055,9690.0,Jefferson Utilities
600.0,616969.0,0.8350715302586111,2357.0,1301.0,1883.161865234375,0.6478574459058125,4.559999942779541,7.559999942779541,9697.0,City of Jellico
601.0,616969.0,0.8350715302586111,2357.0,1301.0,1883.161865234375,0.6478574459058125,4.559999942779541,7.559999942779541,9697.0,City of Jellico
602.0,16098116.0,0.567423005359721,35887.0,14066.0,2590.146728515625,0.7755454621450665,4.150000095367432,9.90999984741211,9699.0,"Jemez Mountains Elec Coop, Inc"
603.0,149447584.0,0.5340711617331028,938934.0,211443.0,2373.266357421875,0.7633518436865637,2.5,7.28000020980835,9726.0,Jersey Central Power & Lt Co
604.0,149447584.0,0.5340711617331028,938934.0,211443.0,2373.266357421875,0.7633518436865637,2.5,7.28000020980835,9726.0,Jersey Central Power & Lt Co
605.0,11459947.0,0.8727595130567642,33970.0,12643.0,2592.750244140625,0.8196349720341478,4.119999885559082,8.979999542236328,9739.0,Joe Wheeler Elec Member Corp
606.0,4056471.0,0.672892352851617,10871.0,2911.0,3335.1044921875,0.8382853463342839,4.429999828338623,9.600000381469727,9750.0,"Jo-Carroll Energy, Inc"
607.0,4056471.0,0.672892352851617,10871.0,2911.0,3335.1044921875,0.8382853463342839,4.429999828338623,9.600000381469727,9750.0,"Jo-Carroll Energy, Inc"
608.0,10919234.0,0.9133706563766434,57760.0,23929.0,1914.8189697265625,0.6506578947368421,3.450000047683716,7.269999980926514,9777.0,Johnson City - (TN)
609.0,3635101.0,0.7466945405259433,24727.0,6733.0,2197.222900390625,0.7634165082703118,2.8499999046325684,7.079999923706055,9778.0,Johnson County Rural E M C
610.0,12036449.0,0.943127508933564,63361.0,26269.0,2049.362060546875,0.5652846388156753,3.5199999809265137,6.579999923706055,9837.0,Jones-Onslow Elec Member Corp
611.0,2227588.0,0.7191109068615246,27643.0,12464.0,1452.7308349609375,0.5850305683174764,2.6600000858306885,4.949999809265137,9879.0,City Water and Light Plant
612.0,85974.0,0.6049573998874885,858.0,248.0,2011.19140625,0.6946386946386947,2.9850001335144043,5.954999923706055,9936.0,Juneau Utility Comm
616.0,15633021.0,0.7482043005440655,51272.0,18776.0,2515.461181640625,0.7653885161491653,3.9700000286102295,8.899999618530273,9964.0,Kenergy Corp
617.0,18231580.0,0.7041937218310822,60884.0,25814.0,2300.06787109375,0.5988437027790553,4.130000114440918,8.430000305175781,9996.0,City of Kansas City - (KS)
618.0,3609346.0,0.6183623665876319,17648.0,5279.0,2273.768310546875,0.8175997280145059,3.109999895095825,8.010000228881836,9999.0,Kankakee Valley Rural E M C
619.0,32003020.0,0.7050315783905583,248115.0,51307.0,2349.799072265625,0.6922918807810894,2.619999885559082,7.5,10000.0,Evergy Metro
620.0,32003020.0,0.7050315783905583,248115.0,51307.0,2349.799072265625,0.6922918807810894,2.619999885559082,7.5,10000.0,Evergy Metro
621.0,92242800.0,0.7216511436177544,309307.0,115346.0,2455.20849609375,0.6597652170820576,3.990000009536743,8.649999618530273,10005.0,"Evergy Kansas South, Inc"
622.0,3091006.0,0.8886259811271737,28183.0,10561.0,1649.3697509765625,0.6071035730759677,2.5199999809265137,5.800000190734863,10009.0,Karnes Electric Coop Inc
623.0,1271888.0,0.7542306642411699,3781.0,1595.0,2453.1474609375,0.7069558317905316,4.309999942779541,8.65999984741211,10012.0,Kay Electric Coop
624.0,7060866.0,0.6608658337750062,18011.0,3987.0,3513.107421875,0.8693020931652878,4.110000133514404,11.5,10019.0,FreeState Electric Coop
625.0,727840.0,0.606981025147983,12857.0,3186.0,1682.2874755859375,0.7084856498405537,2.1600000858306885,5.099999904632568,10056.0,City of Kaukauna
626.0,767141.0,0.6392777767557412,3659.0,1374.0,2191.24365234375,0.6712216452582673,3.75,7.269999980926514,10066.0,K C Electric Association
627.0,12505359.0,0.8711732478542004,22668.0,7739.0,3572.337158203125,0.6403299805893771,4.239999771118164,10.6899995803833,10071.0,Kauai Island Utility Cooperative
628.0,6055962.0,0.7990883392731971,17862.0,8659.0,2226.12109375,0.7138618295823536,4.489999771118164,8.4399995803833,10170.0,"Kiamichi Electric Coop, Inc"
629.0,66499580.0,0.8102238671064544,330518.0,132279.0,1976.981689453125,0.6097791950816597,3.319999933242798,7.369999885559082,10171.0,Kentucky Utilities Co
630.0,66499580.0,0.8102238671064544,330518.0,132279.0,1976.981689453125,0.6097791950816597,3.319999933242798,7.369999885559082,10171.0,Kentucky Utilities Co
631.0,688527.0,0.528077472824973,5487.0,2031.0,2058.27099609375,0.6539092400218699,2.5799999237060547,5.289999961853027,10210.0,Ketchikan Public Utilities
632.0,931734.0,0.950419126039315,4364.0,1253.0,2183.407958984375,0.4933547204399633,3.2649998664855957,8.4399995803833,10226.0,"Utility Board of the City of Key West, F"
634.0,6279226.0,0.9327816030281653,42945.0,18862.0,1703.5452880859375,0.6975200838281523,3.3299999237060547,6.440000057220459,10331.0,Kingsport Power Co
635.0,3771806.0,0.8185797144507525,8594.0,4811.0,2210.634521484375,0.42739120316499885,5.625,9.890000343322754,10345.0,City of Kinston - (NC)
636.0,1604782.0,0.6786632864513378,8098.0,3339.0,1702.706787109375,0.4470239565324772,3.240000009536743,7.849999904632568,10370.0,City of Kirkwood - (MO)
637.0,12350458.0,0.9272772576135606,55954.0,25958.0,2115.3251953125,0.6150051828287522,3.7699999809265137,6.989999771118164,10376.0,Kissimmee Utility Authority
638.0,13915301.0,0.5144578322543423,16227.0,7108.0,3149.19921875,0.7758057558390337,5.960000038146973,13.489999771118164,10378.0,"Kit Carson Electric Coop, Inc"
639.0,2151111.0,0.7643391986568444,9332.0,3321.0,2150.637939453125,0.7262108872696099,3.509999990463257,8.300000190734863,10393.0,PUD No 1 of Klickitat County
640.0,76291872.0,0.869741410320301,165761.0,63838.0,2617.91552734375,0.6276808175626354,3.9200000762939453,7.739999771118164,10421.0,Knoxville Utilities Board
641.0,912547.0,0.574068603651435,3725.0,1440.0,2725.88623046875,0.48322147651006714,3.1600000858306885,6.595000267028809,10433.0,Kodiak Electric Assn Inc
642.0,2168497.0,0.6407179757373311,16180.0,4942.0,2116.39208984375,0.7464153275648949,3.009999990463257,6.539999961853027,10448.0,Kosciusko County Rural E M C
643.0,1936740.0,0.6773728941039319,1109.0,571.0,5429.8310546875,0.5933273219116321,7.369999885559082,14.609999656677246,10451.0,Kotzebue Electric Assn Inc
644.0,2459160.0,0.7050565535437006,23088.0,7304.0,1795.021484375,0.7223665973665974,2.549999952316284,5.820000171661377,10454.0,Kootenai Electric Cooperative
645.0,2459160.0,0.7050565535437006,23088.0,7304.0,1795.021484375,0.7223665973665974,2.549999952316284,5.820000171661377,10454.0,Kootenai Electric Cooperative
646.0,507838.0,0.5003563461456283,887.0,385.0,2875.7080078125,0.8083427282976324,5.78000020980835,11.029999732971191,10508.0,Village of L'Anse - (MI)
647.0,9096627.0,0.5861392049177133,28036.0,8446.0,2613.60498046875,0.7198245113425595,3.450000047683716,8.725000381469727,10539.0,"La Plata Electric Assn, Inc"
648.0,5446253.0,0.8514330393074071,17201.0,8570.0,2135.161865234375,0.6818789605255509,4.539999961853027,8.4399995803833,10579.0,City of LaFollette
649.0,3991546.0,0.8472390863499668,10291.0,4857.0,2337.969482421875,0.5851715090856088,4.329999923706055,9.34000015258789,10585.0,City of La Grange - (GA)
651.0,3237316.0,0.7491997011155584,20976.0,7218.0,1970.619140625,0.6224256292906178,3.0199999809265137,7.090000152587891,10599.0,"Lake Region Electric Coop, Inc - (OK)"
652.0,7684565.0,0.8073995145486709,28078.0,11697.0,2261.134521484375,0.6901844860745068,4.0,7.829999923706055,10603.0,"Laclede Electric Coop, Inc"
653.0,164151.0,0.6610802794071582,2355.0,536.0,1955.459716796875,0.7447983014861995,2.5299999713897705,6.359999656677246,10605.0,Lake Mills Light & Water
654.0,6288630.0,0.6309576217564193,19260.0,5603.0,2943.5888671875,0.8578400830737279,4.010000228881836,9.390000343322754,10618.0,Lake Region Electric Cooperative - (MN)
655.0,1627863.0,0.9487751468608101,19874.0,6380.0,1611.4986572265625,0.6999597464023347,2.240000009536743,5.460000038146973,10620.0,City of Lake Worth Beach - (FL)
656.0,11835072.0,0.9702023337902371,90629.0,34439.0,1825.637939453125,0.6552759050635006,2.990000009536743,6.289999961853027,10623.0,City of Lakeland - (FL)
657.0,5599541.0,0.8352233187439954,14409.0,5362.0,2766.369384765625,0.8119925046845722,4.179999828338623,9.75,10624.0,Southern Rivers Energy
658.0,2268630.0,0.7140256261679566,5641.0,2731.0,2550.298828125,0.6775394433611062,4.739999771118164,8.670000076293945,10625.0,"Lamb County Electric Coop, Inc"
659.0,423814.0,0.8897385689105596,7532.0,3561.0,1259.7200927734375,0.2419012214551248,2.309999942779541,4.070000171661377,10627.0,Lakeview Light & Power
660.0,7427754.0,0.7391231553299804,24845.0,11245.0,2146.86279296875,0.6702757093982693,3.9600000381469727,8.670000076293945,10649.0,Lamar County Elec Coop Assn
661.0,10792017.0,0.6757011101061661,39303.0,10295.0,2813.352783203125,0.8096582958043915,3.5799999237060547,8.710000038146973,10668.0,Licking Rural Electric Inc
662.0,2657975.0,0.8645007142587353,11466.0,4599.0,2156.66259765625,0.7948717948717948,3.4800000190734863,7.639999866485596,10681.0,Lane Electric Coop Inc
663.0,14586421.0,0.5878775394027889,33673.0,10264.0,3086.12353515625,0.880675912452113,4.559999942779541,10.949999809265137,10697.0,Lake Country Power
664.0,16719017.0,0.6515079119355248,78866.0,25854.0,2299.739990234375,0.654388456369031,3.4200000762939453,8.029999732971191,10704.0,City of Lansing - (MI)
665.0,13713590.0,0.8778003945115297,38008.0,15898.0,2509.744384765625,0.7690223110924016,4.380000114440918,9.359999656677246,10768.0,"Laurens Electric Coop, Inc"
666.0,8516151.0,0.8281317869241771,16483.0,7851.0,2577.964599609375,0.7428259418795122,4.809999942779541,9.010000228881836,10799.0,City of Lawrenceburg
667.0,1923015.0,0.7083898090139895,9014.0,2719.0,2541.979736328125,0.6715109829154648,3.180000066757202,7.659999847412109,10800.0,City of Lawrenceville - (GA)
668.0,2267708.0,0.7895457760297363,10270.0,4349.0,1994.2381591796875,0.7023369036027264,3.190000057220459,7.329999923706055,10817.0,"Lea County Electric Coop, Inc - (NM)"
669.0,2267708.0,0.7895457760297363,10270.0,4349.0,1994.2381591796875,0.7023369036027264,3.190000057220459,7.329999923706055,10817.0,"Lea County Electric Coop, Inc - (NM)"
671.0,953543.0,0.8106539806756365,3836.0,2114.0,1832.593994140625,0.5719499478623566,4.340000152587891,7.239999771118164,10832.0,City of Lebanon - (MO)
672.0,18268406.0,0.914412814362633,132099.0,47112.0,1887.54833984375,0.7361524311311971,2.9200000762939453,6.260000228881836,10857.0,"Lee County Electric Coop, Inc - (FL)"
673.0,3224764.0,0.9042010246438401,18711.0,8246.0,1766.117431640625,0.6962214739992518,3.4200000762939453,6.639999866485596,10868.0,City of Leesburg - (FL)
674.0,461775.0,0.5890087414211846,16255.0,3225.0,1585.5657958984375,0.7646877883728084,1.4800000190734863,3.869999885559082,10879.0,Lehi City Corporation
675.0,23361856.0,0.8502824753888911,54345.0,12003.0,3169.427734375,0.7863832919311804,3.069999933242798,8.029999732971191,10906.0,City of Lenoir - (TN)
676.0,2328739.0,0.7877787296245498,16180.0,5577.0,1985.9268798828125,0.8137824474660074,2.9800000190734863,6.829999923706055,10944.0,PUD No 1 of Lewis County
677.0,909990.0,0.8174738785796475,3065.0,1566.0,2177.048583984375,0.567373572593801,4.28000020980835,7.070000171661377,10960.0,City of Lewisburg - (TN)
678.0,3304960.0,0.8697454176870832,14922.0,6358.0,2121.8818359375,0.7225572979493365,3.7799999713897705,7.275000095367432,10966.0,City of Lexington - (NC)
680.0,7452354.0,0.8429770314276281,13628.0,6563.0,2802.3720703125,0.7483122982095686,5.559999942779541,10.329999923706055,10968.0,City of Lexington - (TN)
681.0,7738435.0,0.7653258568745502,11081.0,7184.0,2472.35205078125,0.765183647685227,7.28000020980835,10.970000267028809,11011.0,Licking Valley Rural E C C
682.0,6471696.0,0.7343015704024412,7804.0,3958.0,3275.970703125,0.6669656586365966,6.690000057220459,11.760000228881836,11014.0,"Lighthouse Electric Coop, Inc"
683.0,9228282.0,0.6873745881757416,120882.0,38991.0,1612.6827392578125,0.5777204215681409,2.390000104904175,5.289999961853027,11018.0,Lincoln Electric System
684.0,2913827.0,0.6412050970517416,29548.0,8790.0,1816.3502197265625,0.6854271016650874,2.5299999713897705,6.309999942779541,11053.0,Linn County REC
685.0,1723413.0,0.4562667775474298,13759.0,3077.0,2177.7978515625,0.6154517043389781,2.2300000190734863,7.460000038146973,11085.0,Town of Littleton - (MA)
686.0,2067865.0,0.8432988009582099,4110.0,2116.0,2510.1552734375,0.7082725060827251,5.480000019073486,10.454999923706055,11118.0,Lockhart Power Co
687.0,4205130.0,0.7601861667709805,19070.0,7454.0,2256.77978515625,0.4859465128474043,3.369999885559082,7.260000228881836,11124.0,City of Lodi - (CA)
688.0,184595.0,0.6387658934529953,1371.0,348.0,2217.569091796875,0.7483588621444202,2.890000104904175,6.855000019073486,11125.0,City of Lodi - (WI)
689.0,2178008.0,0.5896759620149505,16190.0,8215.0,1691.65087890625,0.3938233477455219,3.259999990463257,5.429999828338623,11135.0,City of Logan - (UT)
690.0,1154158.0,0.5522170508739943,6796.0,3353.0,1685.2969970703125,0.6284579164214243,3.490000009536743,6.389999866485596,11142.0,City of Logansport - (IN)
691.0,413805984.0,0.5437800347693754,960953.0,216224.0,3779.69580078125,0.8029893241396822,3.809999942779541,11.729999542236328,11171.0,Long Island Power Authority
692.0,413805984.0,0.5437800347693754,960953.0,216224.0,3779.69580078125,0.8029893241396822,3.809999942779541,11.729999542236328,11171.0,Long Island Power Authority
693.0,2113198.0,0.5954664753647053,33335.0,8809.0,1594.634765625,0.6352482375881205,1.940000057220459,5.400000095367432,11187.0,City of Longmont
694.0,6126602.0,0.7043312813239985,18247.0,5284.0,2917.233154296875,0.8408505507754699,3.930000066757202,9.694999694824219,11200.0,"Lorain-Medina R E C, Inc"
695.0,423650.0,0.564359860960204,7312.0,1158.0,1878.2305908203125,0.7413840262582057,1.7200000286102295,5.644999980926514,11204.0,Los Alamos County
696.0,197683488.0,0.7281528057208105,1379068.0,514916.0,1807.49658203125,0.3673234387281845,2.619999885559082,6.570000171661377,11208.0,Los Angeles Department of Water & Power
697.0,1932819.0,0.8594111003631393,9775.0,3038.0,2142.55615234375,0.8131969309462915,3.0199999809265137,7.340000152587891,11222.0,Loudon Utilities Board
698.0,194118192.0,0.851641264789723,798126.0,330368.0,2010.0250244140625,0.6919195715964647,3.4100000858306885,7.949999809265137,11241.0,Entergy Louisiana LLC
699.0,882619.0,0.7715292220716664,2131.0,1142.0,2054.7119140625,0.6729235100891601,5.239999771118164,10.03499984741211,11247.0,Louisville Electric System
700.0,76688760.0,0.7524353292994551,351130.0,114815.0,2248.54150390625,0.6279583060404978,3.369999885559082,8.270000457763672,11249.0,Louisville Gas & Electric Co
701.0,1910258.0,0.7562332160761084,17054.0,5869.0,1896.8466796875,0.7232320863140612,2.9600000381469727,5.989999771118164,11251.0,Loup River Public Power Dist
702.0,2075846.0,0.6330480047090822,29881.0,8182.0,1670.81591796875,0.6337806632977477,2.1500000953674316,5.630000114440918,11256.0,City of Loveland - (CO)
703.0,646834.0,0.6089058487879698,3971.0,1222.0,1853.37158203125,0.688239738101234,2.630000114440918,7.21999979019165,11272.0,"Lower Yellowstone R E A, Inc"
704.0,646834.0,0.6089058487879698,3971.0,1222.0,1853.37158203125,0.688239738101234,2.630000114440918,7.21999979019165,11272.0,"Lower Yellowstone R E A, Inc"
705.0,1702278.0,0.6120856302374192,17439.0,3838.0,1933.8349609375,0.7015310510923791,2.119999885559082,5.034999847412109,11273.0,Lower Valley Energy Inc
706.0,1702278.0,0.6120856302374192,17439.0,3838.0,1933.8349609375,0.7015310510923791,2.119999885559082,5.034999847412109,11273.0,Lower Valley Energy Inc
707.0,20520184.0,0.8745162276982106,48677.0,25417.0,2220.242431640625,0.688518191342934,4.739999771118164,9.470000267028809,11291.0,Lumbee River Elec Member Corp
708.0,34967280.0,0.7614231818934742,113118.0,48680.0,2256.897216796875,0.5023073250941494,3.9700000286102295,8.649999618530273,11292.0,City of Lubbock - (TX)
709.0,34967280.0,0.7614231818934742,113118.0,48680.0,2256.897216796875,0.5023073250941494,3.9700000286102295,8.649999618530273,11292.0,City of Lubbock - (TX)
710.0,1594244.0,0.8427704282541132,3702.0,2029.0,2099.499755859375,0.5610480821177741,4.880000114440918,9.529999732971191,11318.0,City of Lumberton - (NC)
711.0,10022451.0,0.8551902643044911,17207.0,8008.0,2893.558837890625,0.7095949322949963,5.630000114440918,11.210000038146973,11355.0,"Lynches River Elec Coop, Inc"
712.0,5433059.0,0.7611854321955432,17380.0,7083.0,2389.722412109375,0.6027042577675489,3.9050002098083496,8.649999618530273,11364.0,"Lyntegar Electric Coop, Inc"
713.0,591230.0,0.8826210436068547,764.0,548.0,2386.206787109375,0.569371727748691,8.045000076293945,13.309999465942383,11458.0,City of Macon - (MS)
714.0,3597176.0,0.7271753803887816,8972.0,3824.0,2577.01171875,0.7610343290236291,4.690000057220459,9.074999809265137,11463.0,Macon Electric Coop
716.0,1657191.0,0.4317560172599162,2058.0,964.0,3098.569580078125,0.8085519922254616,6.519999980926514,12.440000534057617,11477.0,Town of Madison - (ME)
717.0,1657191.0,0.4317560172599162,2058.0,964.0,3098.569580078125,0.8085519922254616,6.519999980926514,12.440000534057617,11477.0,Town of Madison - (ME)
718.0,14772324.0,0.7163624789231904,126852.0,35225.0,2006.9302978515625,0.4979503673572352,2.7699999809265137,6.809999942779541,11479.0,Madison Gas & Electric Co
719.0,1121283.0,0.7062061601363957,2854.0,1711.0,2137.1103515625,0.4502452697967765,5.449999809265137,8.600000381469727,11488.0,Madisonville Municipal Utils
720.0,70818848.0,0.9621429043289091,257289.0,146696.0,1889.2236328125,0.6752717760961409,3.990000009536743,7.130000114440918,11501.0,Magic Valley Electric Coop Inc
721.0,14391305.0,0.8636020132677453,26356.0,14463.0,2362.31103515625,0.7525041736227045,5.820000171661377,10.9399995803833,11519.0,Magnolia Electric Power Assn
722.0,1054411.0,0.7372439699855315,11469.0,2876.0,2010.6209716796875,0.6817508065219287,2.240000009536743,5.760000228881836,11560.0,City of Manassas - (VA)
723.0,910544.0,0.5095028774379647,14775.0,4717.0,1531.1514892578125,0.7583756345177665,2.309999942779541,4.670000076293945,11571.0,Manitowoc Public Utilities
724.0,2809587.0,0.42922319857066404,19159.0,6149.0,2052.5078125,0.620074116603163,2.700000047683716,7.110000133514404,11586.0,Town of Mansfield - (MA)
725.0,340491.0,0.6201255405119122,2444.0,986.0,1693.8350830078125,0.7409983633387889,2.9100000858306885,6.409999847412109,11611.0,City of Maquoketa - (IA)
726.0,4155453.0,0.6787402619233885,30992.0,9749.0,1953.017822265625,0.48322147651006714,2.7699999809265137,6.659999847412109,11646.0,City of Marietta - (GA)
,2015669.0,0.8422385948743082,4532.0,2566.0,2099.886474609375,0.6326125330979699,5.125,9.5600004196167,11693.0,
727.0,606999.0,0.6525832635062533,2740.0,1113.0,1933.826416015625,0.48065693430656936,3.6500000953674316,7.639999866485596,11701.0,City of Marquette - (MI)
728.0,5560447.0,0.866096415781387,14160.0,6954.0,2369.712158203125,0.7129237288135594,4.789999961853027,9.199999809265137,11714.0,Marshall-De Kalb Electric Coop
729.0,221587.0,0.619555013408404,2039.0,763.0,1820.6558837890625,0.6120647376164786,2.7100000381469727,6.039999961853027,11731.0,City of Marshall - (MN)
730.0,374887.0,0.5668349510582734,6516.0,2491.0,1362.57177734375,0.6508594229588704,2.380000114440918,4.789999961853027,11740.0,City of Marshfield - (WI)
731.0,1252194.0,0.7080833627901598,6785.0,1941.0,2357.179443359375,0.7255711127487104,3.1700000762939453,8.050000190734863,11788.0,Consumers Energy Coop - (IA)
732.0,6072695.0,0.8462118610732913,12009.0,4097.0,2794.299560546875,0.6607544341743692,3.690000057220459,7.760000228881836,11789.0,Maryville Utilities
733.0,397125824.0,0.6141477342612086,995686.0,277644.0,3234.76123046875,0.6612737348923254,3.880000114440918,11.210000038146973,11804.0,Massachusetts Electric Co
734.0,397125824.0,0.6141477342612086,995686.0,277644.0,3234.76123046875,0.6612737348923254,3.880000114440918,11.210000038146973,11804.0,Massachusetts Electric Co
735.0,308161.0,0.3273135128493553,1757.0,724.0,1674.53125,0.6852589641434262,2.890000104904175,6.954999923706055,11811.0,Town of Massena - (NY)
736.0,16195707.0,0.5420594629410204,45691.0,16232.0,3054.48095703125,0.7589240769516973,3.549999952316284,8.25,11824.0,Matanuska Electric Assn Inc
737.0,23803748.0,0.9009117993130079,51781.0,16308.0,3477.61279296875,0.6452366698209768,3.9600000381469727,9.819999694824219,11843.0,Maui Electric Co Ltd
738.0,458010.0,0.7315022124075786,858.0,499.0,2267.09326171875,0.5897435897435898,6.21999979019165,11.229999542236328,11871.0,City of Mayfield Plant Board
739.0,589244.0,0.6442793576689145,4584.0,1189.0,1902.266357421875,0.6335078534031413,2.200000047683716,6.090000152587891,12087.0,McKenzie Electric Coop Inc
740.0,589244.0,0.6442793576689145,4584.0,1189.0,1902.266357421875,0.6335078534031413,2.200000047683716,6.090000152587891,12087.0,McKenzie Electric Coop Inc
741.0,883776.0,0.7239424017963426,3113.0,813.0,2788.976806640625,0.815290716350787,3.690000057220459,9.270000457763672,12090.0,"McLean Electric Coop, Inc"
742.0,833569.0,0.8445813006866684,3494.0,1953.0,1687.0487060546875,0.5732684602175158,4.074999809265137,7.260000228881836,12186.0,McMinnville Electric System
743.0,502653.0,0.8762069985851036,9957.0,3825.0,1233.16650390625,0.5937531384955308,1.9700000286102295,4.360000133514404,12187.0,City of McMinnville - (OR)
744.0,18038398.0,0.6465729432946903,99549.0,30561.0,2009.801025390625,0.6733467940411255,2.740000009536743,7.170000076293945,12199.0,Montana-Dakota Utilities Co
745.0,18038398.0,0.6465729432946903,99549.0,30561.0,2009.801025390625,0.6733467940411255,2.740000009536743,7.170000076293945,12199.0,Montana-Dakota Utilities Co
746.0,18038398.0,0.6465729432946903,99549.0,30561.0,2009.801025390625,0.6733467940411255,2.740000009536743,7.170000076293945,12199.0,Montana-Dakota Utilities Co
747.0,18038398.0,0.6465729432946903,99549.0,30561.0,2009.801025390625,0.6733467940411255,2.740000009536743,7.170000076293945,12199.0,Montana-Dakota Utilities Co
748.0,50116.0,0.6076232436363753,725.0,283.0,1704.000732421875,0.6551724137931034,2.9800000190734863,5.010000228881836,12208.0,City of McPherson - (KS)
749.0,2757714.0,0.624929048415931,10110.0,2940.0,2726.57958984375,0.8363996043521266,3.630000114440918,8.725000381469727,12227.0,Meeker Coop Light & Power Assn
750.0,6490428.0,0.8295271704534856,16638.0,6329.0,2760.591552734375,0.8202307969707897,4.420000076293945,9.729999542236328,12243.0,Meade County Rural E C C
751.0,17016014.0,0.7844916407681868,27956.0,12629.0,2808.724365234375,0.7595864930605237,5.460000038146973,11.65999984741211,12260.0,Mecklenburg Electric Cooperative
752.0,17016014.0,0.7844916407681868,27956.0,12629.0,2808.724365234375,0.7595864930605237,5.460000038146973,11.65999984741211,12260.0,Mecklenburg Electric Cooperative
753.0,18475518.0,0.9497461666389718,56869.0,29040.0,2181.62109375,0.6938753978441682,4.090000152587891,8.149999618530273,12268.0,"Medina Electric Coop, Inc"
754.0,98419328.0,0.7670446084051692,354736.0,143913.0,2158.158935546875,0.5556695683550584,3.7100000381469727,8.720000267028809,12293.0,City of Memphis - (TN)
755.0,479862.0,0.6416671337814795,7710.0,2061.0,1619.3917236328125,0.675875486381323,2.2100000381469727,5.119999885559082,12298.0,City of Menasha - (WI)
756.0,3917555.0,0.7262911030339801,17243.0,5896.0,2167.17529296875,0.5780896595720002,3.3499999046325684,7.909999847412109,12301.0,Nodak Electric Coop Inc
757.0,4030603.0,0.7735812910704263,13853.0,6415.0,2289.22265625,0.48393849707644554,3.930000066757202,7.659999847412109,12312.0,Merced Irrigation District
758.0,10114368.0,0.8675960277933451,23480.0,10224.0,2590.2294921875,0.7929301533219761,4.869999885559082,9.289999961853027,12330.0,Meriwether Lewis Electric Coop
759.0,83343624.0,0.6589475646642693,643137.0,199097.0,1952.7938232421875,0.7002069543503173,2.759999990463257,6.670000076293945,12341.0,MidAmerican Energy Co
760.0,83343624.0,0.6589475646642693,643137.0,199097.0,1952.7938232421875,0.7002069543503173,2.759999990463257,6.670000076293945,12341.0,MidAmerican Energy Co
761.0,83343624.0,0.6589475646642693,643137.0,199097.0,1952.7938232421875,0.7002069543503173,2.759999990463257,6.670000076293945,12341.0,MidAmerican Energy Co
762.0,83343624.0,0.6589475646642693,643137.0,199097.0,1952.7938232421875,0.7002069543503173,2.759999990463257,6.670000076293945,12341.0,MidAmerican Energy Co
763.0,2222358.0,0.9152593055476191,13545.0,4069.0,2180.93359375,0.6436323366555925,2.880000114440918,7.039999961853027,12351.0,City of Mesa - (AZ)
764.0,37545512.0,0.670532263931999,112046.0,42025.0,2534.819580078125,0.7535387251664495,4.119999885559082,9.050000190734863,12377.0,Midwest Energy Cooperative - (MI)
765.0,37545512.0,0.670532263931999,112046.0,42025.0,2534.819580078125,0.7535387251664495,4.119999885559082,9.050000190734863,12377.0,Midwest Energy Cooperative - (MI)
766.0,37545512.0,0.670532263931999,112046.0,42025.0,2534.819580078125,0.7535387251664495,4.119999885559082,9.050000190734863,12377.0,Midwest Energy Cooperative - (MI)
767.0,101517512.0,0.638035443070298,493963.0,144380.0,2458.37109375,0.7379520328445652,3.259999990463257,7.860000133514404,12390.0,Metropolitan Edison Co
768.0,101517512.0,0.638035443070298,493963.0,144380.0,2458.37109375,0.7379520328445652,3.259999990463257,7.860000133514404,12390.0,Metropolitan Edison Co
769.0,4134909.0,0.6960823348521398,12321.0,4128.0,2480.208251953125,0.6984822660498337,3.859999895095825,10.069999694824219,12395.0,Menard Electric Coop
770.0,2664819.0,0.7263027723361095,10906.0,4074.0,2041.6702880859375,0.7875481386392811,3.359999895095825,8.1899995803833,12439.0,"Midstate Electric Coop, Inc"
771.0,2305361.0,0.6595667666138101,12129.0,4055.0,2116.15966796875,0.6594937752494022,3.190000057220459,8.130000114440918,12450.0,Midland Power Coop
772.0,13690144.0,0.8223735403003866,62623.0,20311.0,2362.264404296875,0.6678536639892692,3.109999895095825,7.940000057220459,12452.0,Mid-South Electric Coop Assn
773.0,5149946.0,0.8806128259328745,22140.0,6525.0,2628.034423828125,0.8535230352303523,3.390000104904175,8.149999618530273,12462.0,Mid-Carolina Electric Coop Inc
774.0,39983896.0,0.8386821714267961,243357.0,60228.0,2438.556884765625,0.7207394897208628,2.7899999618530273,7.190000057220459,12470.0,Middle Tennessee E M C
775.0,5890974.0,0.4806324853501423,30616.0,7548.0,2557.611328125,0.7727005487326888,2.890000104904175,8.329999923706055,12473.0,Town of Middleborough - (MA)
776.0,293135.0,0.653244704851369,4190.0,695.0,2220.134521484375,0.8054892601431981,2.130000114440918,6.630000114440918,12478.0,Town of Middletown - (DE)
777.0,6323589.0,0.6214151544837524,21531.0,7070.0,2693.267822265625,0.7431145789791463,3.990000009536743,8.225000381469727,12515.0,"Midwest Electric, Inc - (OH)"
778.0,8532859.0,0.6751787268431537,31314.0,11732.0,2356.504150390625,0.7040301462604586,4.0,8.364999771118164,12524.0,Midwest Energy Inc - (KS)
779.0,2643524.0,0.8733685922636265,5124.0,2370.0,2743.727783203125,0.6975019516003123,5.019999980926514,10.220000267028809,12532.0,City of Milan - (TN)
780.0,633768.0,0.695636602982107,2493.0,745.0,2368.5859375,0.8419574809466506,3.1600000858306885,9.460000038146973,12539.0,Midwest Electric Member Corp - (NE)
781.0,1540576.0,0.7390835875159933,5859.0,2479.0,2236.8212890625,0.5861068441713603,4.019999980926514,7.269999980926514,12540.0,City of Milford - (DE)
782.0,4035058.0,0.6296533188351247,6776.0,2747.0,2967.295166015625,0.7768595041322314,5.25,11.199999809265137,12546.0,Mille Lacs Energy Cooperative
783.0,1350751.0,0.6001003213984036,11270.0,3407.0,1910.1309814453125,0.7583850931677019,2.7049999237060547,6.550000190734863,12642.0,Maquoketa Valley Rrl Elec Coop
784.0,17729784.0,0.5897000145544972,84968.0,29152.0,2176.657958984375,0.7173288767536014,3.3399999141693115,7.400000095367432,12647.0,"ALLETE, Inc."
785.0,5026299.0,0.6241106465486234,48809.0,8642.0,2346.718017578125,0.8835665553483989,2.2699999809265137,6.760000228881836,12651.0,Minnesota Valley Electric Coop
786.0,3064126.0,0.596831760453443,22227.0,8042.0,1820.2384033203125,0.6805236874072075,2.9600000381469727,6.510000228881836,12674.0,City of Mishawaka
787.0,565202.0,0.7213428011818059,2706.0,1402.0,1774.1270751953125,0.5864745011086474,3.75,6.984999656677246,12681.0,Mississippi County Electric Co
788.0,103123680.0,0.7621000753133107,330819.0,145452.0,2176.866943359375,0.6550349284654147,3.950000047683716,8.569999694824219,12685.0,Entergy Mississippi LLC
789.0,55542036.0,0.912725664630588,115898.0,53361.0,2563.002197265625,0.69669019310083,4.849999904632568,10.460000038146973,12686.0,Mississippi Power Co
790.0,2915479.0,0.5176460406623704,15382.0,4209.0,2206.7998046875,0.8043167338447537,2.809999942779541,7.639999866485596,12692.0,"Missoula Electric Coop, Inc"
791.0,2915479.0,0.5176460406623704,15382.0,4209.0,2206.7998046875,0.8043167338447537,2.809999942779541,7.639999866485596,12692.0,"Missoula Electric Coop, Inc"
792.0,51314320.0,0.6923979605261351,270401.0,93471.0,2112.4580078125,0.6442653688410915,3.25,7.369999885559082,12698.0,Evergy Missouri West
793.0,1584587.0,0.6429451691779823,7090.0,2311.0,2317.278076171875,0.7418899858956276,3.3350000381469727,7.449999809265137,12700.0,Missouri Rural Electric Coop
794.0,8556725.0,0.9148963305282144,18552.0,9225.0,2392.594970703125,0.5216149202242346,5.260000228881836,10.270000457763672,12706.0,Mitchell Electric Member Corp
795.0,3689346.0,0.5630344762324665,60846.0,23266.0,1187.46533203125,0.5440127535088585,2.0,4.230000019073486,12744.0,Modern Electric Water Company
796.0,17269280.0,0.7488689485283908,90328.0,31032.0,2308.8974609375,0.5817022407226995,3.119999885559082,7.110000133514404,12745.0,Modesto Irrigation District
797.0,890035.0,0.7832670706687429,2884.0,1642.0,2204.109130859375,0.5395284327323162,5.070000171661377,7.295000076293945,12782.0,City of Monett - (MO)
798.0,57321952.0,0.6830892944485994,264316.0,112799.0,1915.48046875,0.7289910561600509,3.5899999141693115,7.460000038146973,12796.0,Monongahela Power Co
799.0,1684592.0,0.7933989997958594,7872.0,2170.0,2698.204345703125,0.8257113821138211,3.180000066757202,7.78000020980835,12801.0,City of Monroe - (NC)
800.0,49037308.0,0.6143429359919543,242799.0,83244.0,2045.6531982421875,0.6447102335676835,3.119999885559082,7.130000114440918,12825.0,NorthWestern Energy LLC - (MT)
801.0,49037308.0,0.6143429359919543,242799.0,83244.0,2045.6531982421875,0.6447102335676835,3.119999885559082,7.130000114440918,12825.0,NorthWestern Energy LLC - (MT)
802.0,49037308.0,0.6143429359919543,242799.0,83244.0,2045.6531982421875,0.6447102335676835,3.119999885559082,7.130000114440918,12825.0,NorthWestern Energy LLC - (MT)
803.0,1478113.0,0.6083497915494303,5280.0,1809.0,2537.662841796875,0.7356060606060606,3.4100000858306885,8.449999809265137,12860.0,Morgan County Rural Elec Assn
804.0,2367563.0,0.46801734339100465,13079.0,4660.0,2095.91259765625,0.7700894563804572,2.890000104904175,5.949999809265137,12866.0,Moon Lake Electric Assn Inc
805.0,2367563.0,0.46801734339100465,13079.0,4660.0,2095.91259765625,0.7700894563804572,2.890000104904175,5.949999809265137,12866.0,Moon Lake Electric Assn Inc
806.0,2847777.0,0.6948436875517973,18020.0,5926.0,2018.4541015625,0.6491675915649279,2.859999895095825,6.820000171661377,12894.0,City of Moorhead - (MN)
809.0,217320.0,0.5464291748872228,3265.0,1056.0,1704.46044921875,0.5381316998468606,2.559999942779541,5.085000038146973,12919.0,Morenci Water and Electric
810.0,13155320.0,0.789246848916691,31856.0,10685.0,2882.1416015625,0.7657270215971873,4.28000020980835,10.369999885559082,12929.0,South Central Indiana REMC
811.0,1397221.0,0.8293981124355121,5843.0,2584.0,2014.7811279296875,0.7523532431969878,3.8399999141693115,7.465000152587891,12944.0,City of Morganton - (NC)
812.0,3078076.0,0.9404962327599754,10315.0,5899.0,1992.5535888671875,0.5743092583616093,4.869999885559082,7.53000020980835,12988.0,City of Morristown - (TN)
813.0,4578464.0,0.6516561817756694,13972.0,3284.0,3360.363037109375,0.8549241339822502,4.139999866485596,9.795000076293945,12990.0,Consolidated Cooperative
814.0,5116066.0,0.7324322976739399,15392.0,7955.0,2146.624755859375,0.7960628898128899,4.760000228881836,8.420000076293945,13027.0,"Mountain Electric Coop, Inc"
815.0,5116066.0,0.7324322976739399,15392.0,7955.0,2146.624755859375,0.7960628898128899,4.760000228881836,8.420000076293945,13027.0,"Mountain Electric Coop, Inc"
816.0,1683817.0,0.786450136016062,3269.0,1493.0,2616.968994140625,0.7390639339247477,5.690000057220459,10.890000343322754,13032.0,Mt Carmel Public Utility Co
818.0,2948438.0,0.8625235275594185,7618.0,2743.0,2922.59033203125,0.8011289052244683,4.130000114440918,8.630000114440918,13039.0,City of Mt Pleasant - (TN)
819.0,2368819.0,0.602759916235708,7643.0,2146.0,2689.990234375,0.7383226481748004,3.680000066757202,8.979999542236328,13050.0,"Mountain Parks Electric, Inc"
820.0,8141486.0,0.5719338084580815,41756.0,8918.0,2607.994140625,0.8674681482900661,2.630000114440918,8.210000038146973,13058.0,"Mountain View Elec Assn, Inc"
821.0,530964.0,0.6231368764768385,3482.0,1111.0,1810.9420166015625,0.7248707639287766,2.5799999237060547,6.489999771118164,13073.0,"Mt Wheeler Power, Inc"
822.0,530964.0,0.6231368764768385,3482.0,1111.0,1810.9420166015625,0.7248707639287766,2.5799999237060547,6.489999771118164,13073.0,"Mt Wheeler Power, Inc"
823.0,1414648.0,0.5656600076997697,19203.0,4942.0,1634.5338134765625,0.6563037025464771,2.1700000762939453,5.875,13137.0,City of Murray - (UT)
825.0,1553043.0,0.6272368361225237,10522.0,3535.0,2106.92236328125,0.7353164797567002,3.200000047683716,6.909999847412109,13143.0,Board of Water Electric & Communications
826.0,954272.0,0.8033337720633281,4902.0,1796.0,2123.167724609375,0.79906160750714,3.494999885559082,7.179999828338623,13144.0,City of Muscle Shoals
827.0,110076.0,0.5784904343689657,836.0,257.0,2006.6575927734375,0.7081339712918661,2.934999942779541,6.480000019073486,13145.0,Village of Muscoda - (WI)
828.0,2227867.0,0.6541236099229091,8740.0,3264.0,2109.636474609375,0.6800915331807781,3.445000171661377,8.199999809265137,13196.0,Northern Plains Electric Coop
829.0,2434831.0,0.5833655998548584,3816.0,842.0,4396.7744140625,0.7046645702306079,4.659999847412109,12.204999923706055,13206.0,Nantucket Electric Co
830.0,2434831.0,0.5833655998548584,3816.0,842.0,4396.7744140625,0.7046645702306079,4.659999847412109,12.204999923706055,13206.0,Nantucket Electric Co
831.0,8727207.0,0.5295725751460981,74142.0,16222.0,2325.40283203125,0.7667179196676648,2.4700000286102295,7.03000020980835,13208.0,City of Naperville - (IL)
832.0,153461888.0,0.5593009644071717,408598.0,128596.0,2970.165283203125,0.6222375048336017,3.9700000286102295,10.609999656677246,13214.0,The Narragansett Electric Co
833.0,153461888.0,0.5593009644071717,408598.0,128596.0,2970.165283203125,0.6222375048336017,3.9700000286102295,10.609999656677246,13214.0,The Narragansett Electric Co
834.0,72160840.0,0.8677090720568122,335423.0,98286.0,2252.962646484375,0.5730793654579441,3.0299999713897705,8.010000228881836,13216.0,Nashville Electric Service
835.0,6281437.0,0.7619385293117787,10829.0,5552.0,2650.12060546875,0.7389417305383692,5.900000095367432,11.09000015258789,13227.0,Natchez Trace Elec Power Assn
836.0,1944372.0,0.8456798618166119,6136.0,3526.0,1803.90625,0.5138526727509778,4.909999847412109,8.460000038146973,13228.0,City of Natchitoches
837.0,7055703.0,0.7049190452680383,24227.0,8683.0,2493.905517578125,0.7782226441573451,3.9100000858306885,8.479999542236328,13292.0,Norris Electric Coop
838.0,35215936.0,0.5270222786498493,43835.0,27961.0,2611.2607421875,0.7268392836774267,7.239999771118164,12.640000343322754,13314.0,Navajo Tribal Utility Authority
839.0,35215936.0,0.5270222786498493,43835.0,27961.0,2611.2607421875,0.7268392836774267,7.239999771118164,12.640000343322754,13314.0,Navajo Tribal Utility Authority
840.0,35215936.0,0.5270222786498493,43835.0,27961.0,2611.2607421875,0.7268392836774267,7.239999771118164,12.640000343322754,13314.0,Navajo Tribal Utility Authority
841.0,11427321.0,0.5032936872399862,20918.0,9330.0,2805.633544921875,0.7560952289893871,5.239999771118164,10.239999771118164,13318.0,"Navopache Electric Coop, Inc"
842.0,11427321.0,0.5032936872399862,20918.0,9330.0,2805.633544921875,0.7560952289893871,5.239999771118164,10.239999771118164,13318.0,"Navopache Electric Coop, Inc"
843.0,10546681.0,0.8369100228831656,34132.0,13593.0,2482.8173828125,0.7145493964607993,3.9100000858306885,8.329999923706055,13332.0,"Navarro County Elec Coop, Inc"
844.0,5373494.0,0.7016332789017438,43630.0,15988.0,1793.3341064453125,0.6726793490717397,2.9100000858306885,6.320000171661377,13337.0,Nebraska Public Power District
845.0,5373494.0,0.7016332789017438,43630.0,15988.0,1793.3341064453125,0.6726793490717397,2.9100000858306885,6.320000171661377,13337.0,Nebraska Public Power District
846.0,885774.0,0.6205144918059325,1785.0,603.0,3031.5537109375,0.765266106442577,4.869999885559082,10.920000076293945,13352.0,City of Negaunee
867.0,152333792.0,0.8251475551089611,798566.0,279880.0,2109.275146484375,0.5497616978433842,3.119999885559082,7.230000019073486,13407.0,Nevada Power Co
868.0,152333792.0,0.8251475551089611,798566.0,279880.0,2109.275146484375,0.5497616978433842,3.119999885559082,7.230000019073486,13407.0,Nevada Power Co
869.0,3079959.0,0.7603393075144125,8599.0,4058.0,2460.076904296875,0.7556692638678916,4.789999961853027,8.25,13412.0,City of New Albany - (MS)
870.0,4530164.0,0.8365575861043448,16818.0,6955.0,2246.049072265625,0.6476988940420978,3.869999885559082,8.0,13416.0,City of New Bern - (NC)
873.0,132946.0,0.5902347973836284,995.0,278.0,2185.734375,0.7527638190954774,3.0,6.364999771118164,13438.0,Village of New Glarus - (WI)
874.0,30938950.0,0.509975739462756,71236.0,19019.0,3346.511962890625,0.7817255320343647,4.215000152587891,11.170000076293945,13441.0,New Hampshire Elec Coop Inc
875.0,30938950.0,0.509975739462756,71236.0,19019.0,3346.511962890625,0.7817255320343647,4.215000152587891,11.170000076293945,13441.0,New Hampshire Elec Coop Inc
876.0,140180.0,0.6916403846871829,1655.0,492.0,1998.7205810546875,0.7220543806646526,2.869999885559082,5.845000267028809,13448.0,City of New Holstein - (WI)
877.0,282388.0,0.6032739420766169,3193.0,848.0,1780.444091796875,0.7218916379580332,2.3499999046325684,5.805000305175781,13467.0,New London Electric&Water Util
878.0,48785952.0,0.843468821596752,153436.0,70619.0,1882.851318359375,0.4778669934044162,3.9600000381469727,9.989999771118164,13478.0,"Entergy New Orleans, LLC"
879.0,416565.0,0.5664572610793239,4208.0,855.0,2144.297607421875,0.785884030418251,2.299999952316284,6.389999866485596,13481.0,City of New Richmond
880.0,1716657.0,0.6554988483223935,7760.0,3827.0,1740.513427734375,0.5448453608247422,3.7950000762939453,7.760000228881836,13482.0,New River Light & Power Co
881.0,2246750.0,0.8861611445693102,21842.0,8194.0,1574.60400390625,0.7096419741781889,2.630000114440918,5.590000152587891,13485.0,New Smyrna Beach City of
882.0,202131792.0,0.5192692220115089,779282.0,246878.0,2463.06787109375,0.7317761734519724,3.490000009536743,8.569999694824219,13511.0,New York State Elec & Gas Corp
883.0,202131792.0,0.5192692220115089,779282.0,246878.0,2463.06787109375,0.7317761734519724,3.490000009536743,8.569999694824219,13511.0,New York State Elec & Gas Corp
884.0,2256274.0,0.7178662183462818,10711.0,2848.0,2445.62646484375,0.6706189898235458,3.0899999141693115,8.734999656677246,13519.0,City of Newark - (DE)
885.0,10603276.0,0.7510866200879122,30510.0,13621.0,2504.634033203125,0.7257620452310718,4.519999980926514,8.359999656677246,13520.0,"New-Mac Electric Coop, Inc"
887.0,4749916.0,0.8584377748989541,10564.0,4700.0,2655.5400390625,0.743563044301401,5.110000133514404,10.074999809265137,13524.0,"Newberry Electric Coop, Inc"
888.0,1860676.0,0.7119412000587378,7489.0,2018.0,2742.51953125,0.7551074909867806,3.3399999141693115,8.609999656677246,13547.0,"Newnan Wtr, Sewer & Light Comm"
889.0,5327800.0,0.8563396050245157,15444.0,8188.0,2211.029052734375,0.7172364672364673,4.820000171661377,8.199999809265137,13550.0,City of Newport - (TN)
890.0,410937184.0,0.5566753652328746,1365470.0,456994.0,2500.523193359375,0.657810863658667,3.7200000286102295,9.270000457763672,13573.0,Niagara Mohawk Power Corp.
891.0,410937184.0,0.5566753652328746,1365470.0,456994.0,2500.523193359375,0.657810863658667,3.7200000286102295,9.270000457763672,13573.0,Niagara Mohawk Power Corp.
892.0,3104704.0,0.44092205700057086,24455.0,10395.0,1607.4046630859375,0.7113882641586587,2.9600000381469727,5.900000095367432,13602.0,City of Niles - (OH)
893.0,17437714.0,0.6712390465569493,152168.0,27333.0,2570.6279296875,0.8020608800799117,2.2699999809265137,6.880000114440918,13640.0,Northern Virginia Elec Coop
894.0,2111512.0,0.6435663642986617,10171.0,3377.0,2405.715087890625,0.7777013076393668,3.7100000381469727,7.320000171661377,13647.0,Noble County R E M C
895.0,11081021.0,0.8871980219417498,33669.0,11883.0,2683.6220703125,0.7095250824200303,4.099999904632568,8.960000038146973,13651.0,Nolin Rural Electric Coop Corp
896.0,4048786.0,0.6528466376110575,32822.0,10511.0,1945.061279296875,0.7588203034549997,2.799999952316284,6.360000133514404,13664.0,Norris Public Power District
897.0,5022807.0,0.8718986524820577,15202.0,7106.0,2290.8896484375,0.7718721220891988,4.5,8.229999542236328,13669.0,North Alabama Electric Coop
898.0,19250288.0,0.7789874043957681,28840.0,14997.0,2901.61181640625,0.7711165048543689,6.389999866485596,10.5600004196167,13676.0,"North Arkansas Elec Coop, Inc"
899.0,4811703.0,0.48412812876219163,25433.0,8132.0,2271.5439453125,0.6223803719576928,2.990000009536743,7.815000057220459,13679.0,Town of North Attleborough - (MA)
900.0,4286874.0,0.6228554451943418,12283.0,4014.0,2879.844970703125,0.8052593014735814,4.489999771118164,9.520000457763672,13693.0,"North Central Elec Coop, Inc - (OH)"
901.0,1895010.0,0.7161129532519676,5162.0,1905.0,2577.172119140625,0.7752808988764045,4.079999923706055,9.529999732971191,13694.0,"North Central Elec Coop, Inc - (ND)"
902.0,840033.0,0.5164060077290796,1544.0,646.0,2819.662353515625,0.852979274611399,5.71999979019165,11.399999618530273,13697.0,North Central Power Co Inc
903.0,20205492.0,0.8753027524545545,76635.0,32340.0,2253.48876953125,0.7272395119723364,3.859999895095825,7.590000152587891,13716.0,North Georgia Elec Member Corp
904.0,5005547.0,0.727092083294762,28289.0,11251.0,1797.809326171875,0.5619498745095267,3.069999933242798,7.130000114440918,13718.0,City of North Little Rock - (AR)
905.0,452985.0,0.6613272034128823,5904.0,1993.0,1717.984619140625,0.6393970189701897,2.7899999618530273,5.909999847412109,13725.0,City of North Platte
906.0,13388863.0,0.7813540262110041,32117.0,15180.0,2506.753173828125,0.7202104804309244,4.789999961853027,9.300000190734863,13734.0,Northeast Oklahoma Electric Co
907.0,6500693.0,0.7264752114610603,24114.0,6675.0,2753.7607421875,0.8302231069088496,3.3499999046325684,9.029999732971191,13735.0,Northcentral Mississippi E P A
908.0,1501151.0,0.6089879741311071,9389.0,3317.0,1973.8389892578125,0.7228671850037278,3.0199999809265137,6.650000095367432,13739.0,Northeast Power
909.0,832493.0,0.718623433606183,5635.0,1764.0,2065.42041015625,0.6670807453416149,3.069999933242798,6.440000057220459,13750.0,"Northern Electric Coop, Inc"
910.0,97394824.0,0.6573091755714662,396555.0,135651.0,2373.564697265625,0.7338023729369192,3.569999933242798,8.069999694824219,13756.0,Northern Indiana Pub Serv Co
911.0,2710185.0,0.7102992842964551,6229.0,2444.0,2937.966552734375,0.7736394284796918,4.769999980926514,9.350000381469727,13757.0,North Plains Electric Coop Inc
912.0,7486774.0,0.5966046335629382,18316.0,7640.0,2549.267578125,0.793350076435903,4.480000019073486,9.300000190734863,13758.0,"Northern Lights, Inc"
913.0,7486774.0,0.5966046335629382,18316.0,7640.0,2549.267578125,0.793350076435903,4.480000019073486,9.300000190734863,13758.0,"Northern Lights, Inc"
914.0,7486774.0,0.5966046335629382,18316.0,7640.0,2549.267578125,0.793350076435903,4.480000019073486,9.300000190734863,13758.0,"Northern Lights, Inc"
915.0,7261942.0,0.8555333679170793,15970.0,5075.0,2977.595703125,0.7780212899185974,4.309999942779541,11.420000076293945,13762.0,"Northern Neck Elec Coop, Inc"
916.0,44970652.0,0.6195055644215121,206031.0,70368.0,2259.34912109375,0.7083060316166014,3.509999990463257,7.690000057220459,13780.0,Northern States Power Co
917.0,44970652.0,0.6195055644215121,206031.0,70368.0,2259.34912109375,0.7083060316166014,3.509999990463257,7.690000057220459,13780.0,Northern States Power Co
918.0,156224544.0,0.6594678199612586,1231759.0,323625.0,2120.617919921875,0.6510827199151782,2.6500000953674316,6.96999979019165,13781.0,Northern States Power Co - Minnesota
919.0,156224544.0,0.6594678199612586,1231759.0,323625.0,2120.617919921875,0.6510827199151782,2.6500000953674316,6.96999979019165,13781.0,Northern States Power Co - Minnesota
920.0,156224544.0,0.6594678199612586,1231759.0,323625.0,2120.617919921875,0.6510827199151782,2.6500000953674316,6.96999979019165,13781.0,Northern States Power Co - Minnesota
921.0,4085977.0,0.758832341586267,9686.0,5386.0,2058.380859375,0.6849060499690275,5.090000152587891,9.710000038146973,13783.0,Northeast Louisiana Power Coop Inc.
922.0,280150.0,0.8177835184236718,7800.0,2882.0,1279.11669921875,0.6308974358974359,2.1700000762939453,4.190000057220459,13788.0,Northern Wasco County PUD
923.0,7103888.0,0.6623999683349663,14132.0,5731.0,2933.695068359375,0.7512737050665157,5.340000152587891,10.050000190734863,13799.0,Prairie Land Electric Coop Inc
924.0,4353824.0,0.7664409140219863,8438.0,3221.0,3114.31640625,0.7249348186774117,5.079999923706055,10.210000038146973,13807.0,Northwestern Electric Coop Inc - (OK)
925.0,13721432.0,0.6942176792736843,52959.0,17054.0,2436.89501953125,0.7149115353386583,3.680000066757202,8.260000228881836,13809.0,NorthWestern Energy - (SD)
926.0,3451847.0,0.597835171473469,10559.0,3232.0,2703.016357421875,0.8067998863528744,3.930000066757202,9.600000381469727,13815.0,Northwestern Wisconsin Elec Co
927.0,3451847.0,0.597835171473469,10559.0,3232.0,2703.016357421875,0.8067998863528744,3.930000066757202,9.600000381469727,13815.0,Northwestern Wisconsin Elec Co
928.0,518592.0,0.5567114263908525,1665.0,545.0,2572.14208984375,0.824024024024024,4.130000114440918,8.899999618530273,13826.0,City of Norway
929.0,19951338.0,0.9396863378010485,92892.0,39906.0,1877.43896484375,0.5993627007707876,3.0999999046325684,7.099999904632568,13830.0,Nueces Electric Cooperative
930.0,19951338.0,0.9396863378010485,92892.0,39906.0,1877.43896484375,0.5993627007707876,3.0999999046325684,7.099999904632568,13830.0,Nueces Electric Cooperative
931.0,6582866.0,0.5687177696709661,20361.0,5701.0,2996.677734375,0.6662737586562546,3.8399999141693115,9.880000114440918,13831.0,City of Norwich - (CT)
932.0,4895282.0,0.5475255634646953,28630.0,6319.0,2564.4814453125,0.6827803003842123,2.6600000858306885,8.720000267028809,13839.0,City of Norwood - (MA)
933.0,4541477.0,0.8512465026431839,11276.0,4061.0,2635.26953125,0.5956899609790706,3.700000047683716,8.84000015258789,13933.0,City of Oak Ridge
934.0,3671190.0,0.640265037331668,14776.0,4982.0,2408.50146484375,0.7497292907417433,3.759999990463257,8.1899995803833,13936.0,Oakdale Electric Coop
935.0,5376312.0,0.9050375784786078,36029.0,15046.0,1750.1290283203125,0.7668822337561408,3.1500000953674316,6.349999904632568,13955.0,City of Ocala
936.0,4548524.0,0.9364327748068654,9266.0,4842.0,2462.21826171875,0.6632851284265056,5.5,10.130000114440918,13962.0,Oconee Electric Member Corp
937.0,396237.0,0.6083517322785975,8373.0,1781.0,1781.511474609375,0.7604203989012301,1.9700000286102295,5.320000171661377,13963.0,Oconomowoc Utilities
939.0,120981848.0,0.6171984951965392,591529.0,217398.0,2106.830810546875,0.703684857378083,3.440000057220459,7.489999771118164,13998.0,Ohio Edison Co
940.0,120981848.0,0.6171984951965392,591529.0,217398.0,2106.830810546875,0.703684857378083,3.440000057220459,7.489999771118164,13998.0,Ohio Edison Co
941.0,228851216.0,0.6894447811051462,1134221.0,404170.0,2066.8056640625,0.6281280279592778,3.2200000286102295,7.440000057220459,14006.0,Ohio Power Co
942.0,228851216.0,0.6894447811051462,1134221.0,404170.0,2066.8056640625,0.6281280279592778,3.2200000286102295,7.440000057220459,14006.0,Ohio Power Co
944.0,3059524.0,0.7804077654620993,14242.0,6571.0,1916.230712890625,0.6849459345597528,3.569999933242798,6.889999866485596,14055.0,PUD No 1 of Okanogan County
945.0,9002338.0,0.8058310733592564,48216.0,15414.0,2346.02685546875,0.6745271279243404,3.259999990463257,7.460000038146973,14062.0,Oklahoma Electric Coop Inc
946.0,112684992.0,0.780137197560393,594594.0,226936.0,2079.02587890625,0.6427158699885973,3.3299999237060547,7.179999828338623,14063.0,Oklahoma Gas & Electric Co
947.0,112684992.0,0.780137197560393,594594.0,226936.0,2079.02587890625,0.6427158699885973,3.3299999237060547,7.179999828338623,14063.0,Oklahoma Gas & Electric Co
948.0,1870832.0,0.741916423521569,3382.0,1730.0,2678.99609375,0.7054997043169722,5.375,10.805000305175781,14078.0,City of Okolona
949.0,4970743.0,0.5999617316390986,19700.0,8031.0,2182.93798828125,0.7082233502538071,3.890000104904175,7.670000076293945,14109.0,"Oregon Trail El Cons Coop, Inc"
950.0,39152104.0,0.6997339737364212,346983.0,98236.0,1928.7095947265625,0.659213851975457,2.5399999618530273,6.570000171661377,14127.0,Omaha Public Power District
951.0,2862698.0,0.9118286457362337,10044.0,4118.0,2104.117431640625,0.6407805655117483,3.5199999809265137,9.460000038146973,14146.0,City of Opelika - (AL)
952.0,70651768.0,0.5621577563749669,188859.0,55909.0,3158.291748046875,0.6914947129869373,3.619999885559082,10.029999732971191,14154.0,Orange & Rockland Utils Inc
953.0,70651768.0,0.5621577563749669,188859.0,55909.0,3158.291748046875,0.6914947129869373,3.619999885559082,10.029999732971191,14154.0,Orange & Rockland Utils Inc
954.0,3424313.0,0.9100033344148756,7193.0,4171.0,2019.829833984375,0.455720839705269,6.190000057220459,11.960000038146973,14164.0,City of Orangeburg - (SC)
955.0,2851098.0,0.7728087544564007,8378.0,2550.0,2642.4423828125,0.7594891382191454,3.6600000858306885,10.489999771118164,14170.0,Orcas Power & Light Coop
956.0,9615819.0,0.9186090303059208,14781.0,6743.0,2942.021728515625,0.7856707935863608,5.599999904632568,12.869999885559082,14175.0,"Tri-County Electric Coop, Inc (SC)"
957.0,3939262.0,0.7427263515264623,14812.0,4707.0,2642.53466796875,0.7340669727248177,3.869999885559082,8.579999923706055,14192.0,Osage Valley Elec Coop Assn
958.0,163582.0,0.5787962590428115,2055.0,651.0,1774.7257080078125,0.6525547445255474,2.7899999618530273,5.019999980926514,14194.0,City of Orrville - (OH)
959.0,9580998.0,0.7070166655401817,14998.0,6736.0,2817.39794921875,0.7296306174156554,5.21999979019165,11.244999885559082,14224.0,Otero County Electric Coop Inc
960.0,13516549.0,0.6876189495827159,74832.0,25089.0,2028.6807861328125,0.6292361556553346,3.069999933242798,7.119999885559082,14232.0,Otter Tail Power Co
961.0,13516549.0,0.6876189495827159,74832.0,25089.0,2028.6807861328125,0.6292361556553346,3.069999933242798,7.119999885559082,14232.0,Otter Tail Power Co
962.0,13516549.0,0.6876189495827159,74832.0,25089.0,2028.6807861328125,0.6292361556553346,3.069999933242798,7.119999885559082,14232.0,Otter Tail Power Co
963.0,2999066.0,0.7612410273579397,6996.0,3305.0,2367.383056640625,0.7204116638078902,4.929999828338623,10.180000305175781,14238.0,Ouachita Electric Coop Corp
964.0,1212542.0,0.8601537988772519,11265.0,3416.0,1830.395751953125,0.762982689747004,2.559999942779541,5.510000228881836,14245.0,Overton Power District No 5
965.0,997111.0,0.6120077279424787,10738.0,3127.0,1689.047119140625,0.7358912274166511,2.2849998474121094,5.880000114440918,14246.0,City of Owatonna - (MN)
966.0,9394898.0,0.7687742345038618,52653.0,13830.0,2411.268798828125,0.8309118188897119,2.9000000953674316,7.690000057220459,14251.0,Owen Electric Coop Inc
967.0,10501625.0,0.7316302011319785,19772.0,9192.0,2626.70703125,0.5817823184301032,5.389999866485596,11.109999656677246,14268.0,City of Owensboro - (KY)
968.0,1145372.0,0.8165299577996437,4125.0,1738.0,1926.9979248046875,0.4353939393939394,3.4800000190734863,10.180000305175781,14275.0,City of Oxford - (MS)
969.0,9056314.0,0.8036282065512677,28784.0,14772.0,2173.2763671875,0.7010839355197331,4.679999828338623,8.109999656677246,14285.0,Ozark Border Electric Coop
970.0,11762395.0,0.7214733941903763,44405.0,16374.0,2470.2978515625,0.741402995158203,3.9000000953674316,8.029999732971191,14288.0,Ozark Electric Coop Inc - (MO)
971.0,13127172.0,0.7637429954440521,53912.0,20649.0,2246.81787109375,0.5676287282979671,3.680000066757202,8.100000381469727,14289.0,Ozarks Electric Coop Corp - (AR)
972.0,13127172.0,0.7637429954440521,53912.0,20649.0,2246.81787109375,0.5676287282979671,3.680000066757202,8.100000381469727,14289.0,Ozarks Electric Coop Corp - (AR)
973.0,994088.0,0.813946461538073,8983.0,3601.0,1499.1976318359375,0.8195480351775576,2.509999990463257,5.929999828338623,14324.0,PUD No 2 of Pacific County
974.0,1010277824.0,0.755916744423213,2686021.0,799392.0,2829.982421875,0.5940065248931412,3.3399999141693115,9.760000228881836,14328.0,Pacific Gas & Electric Co.
975.0,1010277824.0,0.755916744423213,2686021.0,799392.0,2829.982421875,0.5940065248931412,3.3399999141693115,9.760000228881836,14328.0,Pacific Gas & Electric Co.
978.0,165497104.0,0.6482464740879826,1473301.0,462564.0,1859.1737060546875,0.6960892580674282,2.4700000286102295,5.880000114440918,14354.0,PacifiCorp
979.0,165497104.0,0.6482464740879826,1473301.0,462564.0,1859.1737060546875,0.6960892580674282,2.4700000286102295,5.880000114440918,14354.0,PacifiCorp
980.0,165497104.0,0.6482464740879826,1473301.0,462564.0,1859.1737060546875,0.6960892580674282,2.4700000286102295,5.880000114440918,14354.0,PacifiCorp
981.0,165497104.0,0.6482464740879826,1473301.0,462564.0,1859.1737060546875,0.6960892580674282,2.4700000286102295,5.880000114440918,14354.0,PacifiCorp
982.0,165497104.0,0.6482464740879826,1473301.0,462564.0,1859.1737060546875,0.6960892580674282,2.4700000286102295,5.880000114440918,14354.0,PacifiCorp
983.0,165497104.0,0.6482464740879826,1473301.0,462564.0,1859.1737060546875,0.6960892580674282,2.4700000286102295,5.880000114440918,14354.0,PacifiCorp
984.0,165497104.0,0.6482464740879826,1473301.0,462564.0,1859.1737060546875,0.6960892580674282,2.4700000286102295,5.880000114440918,14354.0,PacifiCorp
985.0,7359690.0,0.7800302567845712,16465.0,7796.0,2530.69677734375,0.5871242028545399,5.130000114440918,9.720000267028809,14371.0,City of Paducah - (KY)
986.0,3062564.0,0.6660107281571893,21622.0,5543.0,2228.57470703125,0.7447507168624549,3.0299999713897705,7.329999923706055,14381.0,City of Painesville
987.0,6759665.0,0.9262691840492074,38066.0,12614.0,1998.860107421875,0.7901802133137182,3.059999942779541,7.329999923706055,14398.0,Palmetto Electric Coop Inc
988.0,1069277.0,0.6091179070267967,24782.0,5027.0,1542.6356201171875,0.5365184408038092,1.4500000476837158,5.340000152587891,14401.0,City of Palo Alto - (CA)
989.0,2400784.0,0.8315929928742575,7101.0,3509.0,2031.2293701171875,0.5935783692437685,4.460000038146973,8.949999809265137,14424.0,"Panola-Harrison Elec Coop, Inc"
990.0,2400784.0,0.8315929928742575,7101.0,3509.0,2031.2293701171875,0.5935783692437685,4.460000038146973,8.949999809265137,14424.0,"Panola-Harrison Elec Coop, Inc"
991.0,1473320.0,0.823405120793513,9981.0,4337.0,1712.3519287109375,0.6500350666265905,3.049999952316284,5.929999828338623,14446.0,Paragould Light & Water Comm
992.0,7010475.0,0.8579051501528698,12938.0,6156.0,2718.937744140625,0.7609367753903231,5.420000076293945,9.65999984741211,14455.0,City of Paris - (TN)
993.0,3874115.0,0.6144186847150166,24819.0,5247.0,2464.67041015625,0.8415326967242838,2.7200000286102295,7.75,14468.0,People's Cooperative Services
994.0,12097011.0,0.6937430824209849,55305.0,16267.0,2216.310546875,0.42110116625983185,2.5999999046325684,8.979999542236328,14534.0,City of Pasadena - (CA)
995.0,1094275.0,0.45645246067171735,4546.0,1650.0,2319.667724609375,0.546854377474703,3.4700000286102295,8.25,14537.0,Pascoag Utility District
,8473008.0,0.8970845876665958,23762.0,11445.0,2230.812255859375,0.6481356788149145,4.659999847412109,8.970000267028809,14557.0,
996.0,16004033.0,0.9012098397899373,43255.0,19180.0,2397.237060546875,0.6486880129464802,4.28000020980835,9.460000038146973,14563.0,Pearl River Valley El Pwr Assn
997.0,6128873.0,0.6690755249644532,21725.0,7469.0,2593.44873046875,0.7298504027617951,4.010000228881836,8.329999923706055,14599.0,"Paulding-Putman Elec Coop, Inc"
998.0,6128873.0,0.6690755249644532,21725.0,7469.0,2593.44873046875,0.7298504027617951,4.010000228881836,8.329999923706055,14599.0,"Paulding-Putman Elec Coop, Inc"
999.0,4618989.0,0.9389182460908052,12603.0,5992.0,2262.380126953125,0.6558755851781322,4.570000171661377,9.329999923706055,14602.0,Pea River Electric Coop
1000.0,6042851.0,0.4126340908842597,45244.0,13115.0,2039.15234375,0.6379188400671912,2.4600000381469727,6.78000020980835,14605.0,City of Peabody - (MA)
1001.0,5545727.0,0.9357194704764498,36851.0,12061.0,1993.201416015625,0.7363165178692572,2.9000000953674316,6.940000057220459,14606.0,"Peace River Electric Coop, Inc"
1002.0,32946234.0,0.9304930038406073,185653.0,70560.0,2007.8587646484375,0.47354473129979047,3.140000104904175,7.0,14610.0,Orlando Utilities Comm
1003.0,807211.0,0.9434283016756139,32806.0,12869.0,1030.0128173828125,0.6430835822715357,1.559999942779541,3.2300000190734863,14624.0,PUD No 2 of Grant County
1004.0,74466224.0,0.8586609675921817,715778.0,222941.0,1742.208984375,0.5985752565739657,2.3299999237060547,5.940000057220459,14626.0,"Pedernales Electric Coop, Inc"
1005.0,6752488.0,0.9185597654100564,14025.0,6972.0,2513.820068359375,0.73825311942959,5.320000171661377,10.005000114440918,14649.0,Planters Electric Member Corp
1006.0,1235674.0,0.7503328712345599,5653.0,2072.0,2120.322265625,0.7675570493543251,3.369999885559082,7.319999694824219,14653.0,PUD No 1 of Pend Oreille County
1007.0,1851439.0,0.785562187054516,31998.0,8515.0,1680.1600341796875,0.6324457778611163,2.0399999618530273,4.989999771118164,14668.0,Peninsula Light Company
1008.0,136290592.0,0.6105205124927908,414230.0,163883.0,2479.89404296875,0.7281075730874152,4.289999961853027,8.760000228881836,14711.0,Pennsylvania Electric Co
1009.0,136290592.0,0.6105205124927908,414230.0,163883.0,2479.89404296875,0.7281075730874152,4.289999961853027,8.760000228881836,14711.0,Pennsylvania Electric Co
1010.0,136290592.0,0.6105205124927908,414230.0,163883.0,2479.89404296875,0.7281075730874152,4.289999961853027,8.760000228881836,14711.0,Pennsylvania Electric Co
1011.0,136290592.0,0.6105205124927908,414230.0,163883.0,2479.89404296875,0.7281075730874152,4.289999961853027,8.760000228881836,14711.0,Pennsylvania Electric Co
1012.0,268306032.0,0.6707179494833415,1125754.0,358797.0,2439.445556640625,0.696262238464176,3.450000047683716,8.180000305175781,14715.0,PPL Electric Utilities Corp
1013.0,268306032.0,0.6707179494833415,1125754.0,358797.0,2439.445556640625,0.696262238464176,3.450000047683716,8.180000305175781,14715.0,PPL Electric Utilities Corp
1014.0,29144108.0,0.6328397883138607,151642.0,46503.0,2246.383056640625,0.7612139117131138,3.1500000953674316,7.869999885559082,14716.0,Pennsylvania Power Co
1015.0,29144108.0,0.6328397883138607,151642.0,46503.0,2246.383056640625,0.7612139117131138,3.1500000953674316,7.869999885559082,14716.0,Pennsylvania Power Co
1016.0,9726485.0,0.7968352495119015,16646.0,8726.0,2555.728759765625,0.6644839601105371,6.005000114440918,10.869999885559082,14717.0,Pee Dee Electric Member Corp
1017.0,13276420.0,0.8035477876420611,43595.0,19685.0,2249.354736328125,0.6610620484000459,4.099999904632568,8.079999923706055,14724.0,Pennyrile Rural Electric Coop
1018.0,4271653.0,0.8233187487247945,12428.0,5411.0,2456.89501953125,0.6860315416800773,4.409999847412109,8.579999923706055,14775.0,People's Electric Cooperative
1019.0,844957.0,0.6001767921776014,4254.0,2125.0,1798.1226806640625,0.6582040432534085,3.9000000953674316,6.510000228881836,14839.0,City of Peru - (IN)
1020.0,1567402.0,0.5770292620517529,6397.0,2514.0,2143.259765625,0.6634359856182586,3.7799999713897705,7.940000057220459,14840.0,City of Peru - (IL)
1021.0,7685177.0,0.7508788270175641,10610.0,5457.0,3020.798828125,0.7796418473138549,6.46999979019165,11.1899995803833,14864.0,Petit Jean Electric Coop Corp
1022.0,265814944.0,0.626239748004641,1553232.0,494299.0,2005.529296875,0.6438053040370015,2.680000066757202,7.559999942779541,14940.0,PECO Energy Co
1023.0,265814944.0,0.626239748004641,1553232.0,494299.0,2005.529296875,0.6438053040370015,2.680000066757202,7.559999942779541,14940.0,PECO Energy Co
1024.0,817384.0,0.8320378076854017,2355.0,1341.0,2018.43505859375,0.5010615711252654,4.96999979019165,9.350000381469727,14947.0,City of Philadelphia - (MS)
1026.0,10741723.0,0.8429706515337153,14192.0,7324.0,3125.7958984375,0.7875563697857948,6.840000152587891,11.569999694824219,15016.0,Pickwick Electric Coop
1027.0,7115363.0,0.8256336300307441,25548.0,7745.0,2502.3486328125,0.7641302645999687,3.369999885559082,8.890000343322754,15023.0,Piedmont Electric Member Corp
1028.0,234151.0,0.6239929006929796,2115.0,527.0,1760.035888671875,0.8146572104018912,2.1600000858306885,7.099999904632568,15040.0,City of Pierre - (SD)
1029.0,2248733.0,0.6257492661419847,4038.0,1257.0,3288.610107421875,0.8301139177810798,4.635000228881836,12.779999732971191,15045.0,Pike County Light & Power Co
1030.0,2248733.0,0.6257492661419847,4038.0,1257.0,3288.610107421875,0.8301139177810798,4.635000228881836,12.779999732971191,15045.0,Pike County Light & Power Co
1031.0,1053906.0,0.8775339370280907,4430.0,1529.0,2413.38037109375,0.7909706546275395,3.4800000190734863,7.630000114440918,15048.0,Electrical Dist No2 Pinal County
1032.0,10129138.0,0.6381455159726594,32138.0,9520.0,2914.03564453125,0.7371336113012633,3.9200000762939453,8.904999732971191,15054.0,"Pioneer Rural Elec Coop, Inc - (OH)"
1033.0,1145845.0,0.6886258202277226,5292.0,1827.0,2404.913330078125,0.7008692365835223,3.7300000190734863,7.519999980926514,15073.0,"Pioneer Electric Coop, Inc - (KS)"
1036.0,2277709.0,0.7122238658988439,20744.0,4439.0,2281.69140625,0.7394427304280756,2.5799999237060547,6.860000133514404,15138.0,"Platte-Clay Electric Coop, Inc"
1037.0,4610192.0,0.7876271631833961,11794.0,6744.0,2194.84619140625,0.7567407156181108,5.179999828338623,8.515000343322754,15141.0,Plateau Electric Cooperative
1038.0,521916.0,0.6633575593567826,7655.0,3179.0,1064.8582763671875,0.4468974526453299,1.840000033378601,3.990000009536743,15145.0,City of Plattsburgh - (NY)
1040.0,2623179.0,0.7942702502043336,7686.0,3573.0,2100.276611328125,0.7352328909705959,4.010000228881836,9.520000457763672,15175.0,Pointe Coupee Elec Member Corp
1041.0,2685132.0,0.7475988287185276,8884.0,3965.0,2302.45751953125,0.6457676722197209,4.204999923706055,7.960000038146973,15202.0,City of Ponca City - (OK)
1042.0,5733669.0,0.7835937291058732,12977.0,5911.0,2608.217041015625,0.75148339369654,4.880000114440918,9.710000038146973,15211.0,Pontotoc Electric Power Assn
1043.0,1332882.0,0.8610332514973954,4908.0,2793.0,1813.7646484375,0.5350448247758761,4.484999656677246,7.929999828338623,15229.0,City of Poplar Bluff - (MO)
1044.0,396665.0,0.9223816114786086,7927.0,2885.0,1292.7003173828125,0.6437492115554434,2.0999999046325684,4.739999771118164,15231.0,City of Port Angeles - (WA)
1045.0,71606368.0,0.7691651408576098,808153.0,215688.0,1874.036376953125,0.6162632570812705,2.2899999618530273,6.159999847412109,15248.0,Portland General Electric Co
1046.0,71606368.0,0.7691651408576098,808153.0,215688.0,1874.036376953125,0.6162632570812705,2.2899999618530273,6.159999847412109,15248.0,Portland General Electric Co
1047.0,3891736.0,0.5925120808172261,40980.0,11174.0,1832.08740234375,0.745168374816984,2.200000047683716,5.864999771118164,15257.0,"Poudre Valley REA, Inc"
1048.0,56377848.0,0.7066812567941783,322672.0,89960.0,2282.452392578125,0.755702385084544,2.819999933242798,7.440000057220459,15263.0,The Potomac Edison Company
1049.0,56377848.0,0.7066812567941783,322672.0,89960.0,2282.452392578125,0.755702385084544,2.819999933242798,7.440000057220459,15263.0,The Potomac Edison Company
1050.0,56377848.0,0.7066812567941783,322672.0,89960.0,2282.452392578125,0.755702385084544,2.819999933242798,7.440000057220459,15263.0,The Potomac Edison Company
1051.0,100077512.0,0.7328965554202381,588860.0,138877.0,2489.84130859375,0.6179448425771831,2.680000066757202,7.980000019073486,15270.0,Potomac Electric Power Co
1052.0,100077512.0,0.7328965554202381,588860.0,138877.0,2489.84130859375,0.6179448425771831,2.680000066757202,7.980000019073486,15270.0,Potomac Electric Power Co
1053.0,100077512.0,0.7328965554202381,588860.0,138877.0,2489.84130859375,0.6179448425771831,2.680000066757202,7.980000019073486,15270.0,Potomac Electric Power Co
1054.0,100077512.0,0.7328965554202381,588860.0,138877.0,2489.84130859375,0.6179448425771831,2.680000066757202,7.980000019073486,15270.0,Potomac Electric Power Co
1055.0,744301.0,0.6716395502932152,3663.0,1250.0,2229.790283203125,0.7472017472017473,3.559999942779541,7.545000076293945,15291.0,Prairie Energy Coop
1056.0,9079828.0,0.8798224424331395,25484.0,13731.0,2041.3570556640625,0.7361481714016638,4.730000019073486,8.569999694824219,15293.0,Powell Valley Electric Coop
1057.0,9079828.0,0.8798224424331395,25484.0,13731.0,2041.3570556640625,0.7361481714016638,4.730000019073486,8.569999694824219,15293.0,Powell Valley Electric Coop
1059.0,48733.0,0.5780490802065358,821.0,164.0,1674.1282958984375,0.6492082825822169,2.2200000286102295,5.534999847412109,15312.0,Village of Prairie Du Sac - (WI)
1060.0,4003882.0,0.7182128830970858,10371.0,4961.0,2268.0087890625,0.7808311638221965,4.539999961853027,9.75,15334.0,Prentiss County Elec Pwr Assn
1061.0,12525489.0,0.5922985753065696,29002.0,11226.0,2767.8818359375,0.7981518515964416,4.809999942779541,9.845000267028809,15340.0,Presque Isle Elec & Gas Coop
1062.0,3008050.0,0.5983671000454868,9879.0,2948.0,2709.161376953125,0.8137463306002631,3.799999952316284,9.135000228881836,15344.0,Polk-Burnett Electric Coop
1063.0,140946.0,0.6591028927496618,524.0,189.0,2315.2119140625,0.8320610687022901,3.9049999713897705,9.140000343322754,15349.0,City of Preston
1064.0,2916509.0,0.8245696309173376,10038.0,2845.0,2653.277587890625,0.8206814106395697,3.4600000381469727,9.829999923706055,15410.0,Prince George Electric Coop
1065.0,5728425.0,0.8514801780964268,21509.0,7272.0,2394.511962890625,0.7713980194337254,3.319999933242798,7.644999980926514,15419.0,PUD No 3 of Mason County
1066.0,4244855.0,0.5838020943210803,30908.0,14880.0,1694.717041015625,0.3983111168629481,2.9700000286102295,5.579999923706055,15444.0,Provo City Corp
1067.0,101180992.0,0.6594466523121748,1177101.0,309484.0,1724.20703125,0.6121700686687038,2.109999895095825,5.760000228881836,15466.0,Public Service Co of Colorado
1068.0,157461184.0,0.7637175969890543,707195.0,231597.0,2320.29150390625,0.7204095051577005,3.4000000953674316,7.920000076293945,15470.0,"Duke Energy Indiana, LLC"
1069.0,118744288.0,0.5068281556015295,371750.0,91553.0,3102.499267578125,0.7104371217215871,3.7200000286102295,10.130000114440918,15472.0,Public Service Co of NH
1070.0,118744288.0,0.5068281556015295,371750.0,91553.0,3102.499267578125,0.7104371217215871,3.7200000286102295,10.130000114440918,15472.0,Public Service Co of NH
1071.0,111424664.0,0.7037518850047733,389579.0,147823.0,2236.902099609375,0.646194995110106,3.700000047683716,8.760000228881836,15473.0,Public Service Co of NM
1072.0,92598272.0,0.7595216378626835,429290.0,169389.0,2108.999755859375,0.6662652286333248,3.4800000190734863,7.5,15474.0,Public Service Co of Oklahoma
1073.0,356791328.0,0.6520150061064228,1954855.0,585732.0,2266.815185546875,0.5476615912689177,2.740000009536743,7.409999847412109,15477.0,Public Service Elec & Gas Co
1074.0,356791328.0,0.6520150061064228,1954855.0,585732.0,2266.815185546875,0.5476615912689177,2.740000009536743,7.409999847412109,15477.0,Public Service Elec & Gas Co
1075.0,74696184.0,0.7289566144492758,976471.0,231584.0,1846.2481689453125,0.662401648384847,2.049999952316284,5.429999828338623,15500.0,Puget Sound Energy Inc
1076.0,74696184.0,0.7289566144492758,976471.0,231584.0,1846.2481689453125,0.662401648384847,2.049999952316284,5.429999828338623,15500.0,Puget Sound Energy Inc
1077.0,3688478.0,0.8281666977461873,9426.0,3853.0,2545.551025390625,0.6734563971992361,4.5,9.380000114440918,15507.0,City of Pulaski - (TN)
1078.0,9270996.0,0.8541142203140162,26360.0,11767.0,2426.916748046875,0.7044385432473445,4.559999942779541,8.550000190734863,15671.0,Randolph Electric Member Corp
1079.0,7847830.0,0.8013129970926197,13973.0,6274.0,2720.701171875,0.7417161668932942,5.110000133514404,11.199999809265137,15700.0,Rayle Electric Membership Corp
1080.0,3771909.0,0.8815157262985518,13375.0,5665.0,2267.480712890625,0.7002616822429907,3.990000009536743,8.079999923706055,15746.0,Red River Valley Rrl Elec Assn
1081.0,7841668.0,0.4825550636584925,54839.0,12268.0,2291.2041015625,0.6179726107332373,2.359999895095825,7.934999942779541,15748.0,Town of Reading - (MA)
1082.0,2755.0,0.9749763744078789,7.0,4.0,1988.9500732421875,0.8571428571428571,6.440000057220459,10.125,15776.0,Central Florida Tourism Oversight District
1083.0,8630378.0,0.7797587536474192,34032.0,12271.0,2317.589599609375,0.5515397273154677,3.6600000858306885,8.550000190734863,15783.0,City of Redding - (CA)
1084.0,530966.0,0.6277773807953029,4243.0,1260.0,2009.483154296875,0.7181239688899363,2.799999952316284,6.605000019073486,15804.0,Reedsburg Utility Comm
1086.0,72450.0,0.5888618582774654,902.0,342.0,1685.2340087890625,0.6984478935698448,2.700000047683716,5.529999732971191,15978.0,City of Richland Center - (WI)
1087.0,604559.0,0.845808186944933,22936.0,5057.0,1542.9637451171875,0.6603592605510987,1.7400000095367432,4.329999923706055,15979.0,City of Richland - (WA)
1088.0,2059026.0,0.6276697152687017,9850.0,5045.0,1843.16259765625,0.5447715736040609,4.139999866485596,6.869999885559082,15989.0,City of Richmond - (IN)
1089.0,19893110.0,0.8967575115921702,31274.0,16286.0,2747.994140625,0.6815565645584192,5.71999979019165,11.640000343322754,16057.0,"Rio Grande Electric Coop, Inc"
1090.0,19893110.0,0.8967575115921702,31274.0,16286.0,2747.994140625,0.6815565645584192,5.71999979019165,11.640000343322754,16057.0,"Rio Grande Electric Coop, Inc"
1091.0,2636465.0,0.6700002987593228,16281.0,4287.0,2325.507080078125,0.7223757754437689,3.2300000190734863,7.329999923706055,16060.0,Riverland Energy Cooperative
1092.0,587346.0,0.6560999862301898,2320.0,1101.0,2144.24609375,0.6211206896551724,4.0,7.28000020980835,16063.0,"Rita Blanca Electric Coop, Inc"
1093.0,837701.0,0.6020192933890754,5794.0,1190.0,2489.477783203125,0.7897825336555057,2.7899999618530273,7.614999771118164,16082.0,City of River Falls
1094.0,10402414.0,0.7269506164754175,86100.0,28501.0,2000.32275390625,0.5518931475029036,2.549999952316284,6.070000171661377,16088.0,City of Riverside - (CA)
1095.0,9711597.0,0.8407195184202041,10487.0,5572.0,3231.885498046875,0.730809573757986,7.440000057220459,14.184999465942383,16101.0,Roanoke Electric Member Corp
1096.0,13194075.0,0.803649744205023,37717.0,16291.0,2362.026123046875,0.5815414799692447,4.179999828338623,9.119999885559082,16146.0,"Navasota Valley Elec Coop, Inc"
1098.0,1378626.0,0.5200405614516631,7960.0,2592.0,2030.8848876953125,0.7160804020100503,2.9800000190734863,7.010000228881836,16179.0,Rochelle Municipal Utilities
1099.0,3687855.0,0.674317861685438,39630.0,10284.0,1845.9599609375,0.6359828412818572,2.4100000858306885,6.510000228881836,16181.0,Rochester Public Utilities
1100.0,82880712.0,0.5541090560211076,347711.0,111271.0,2309.224609375,0.6609368124678253,3.309999942779541,8.510000228881836,16183.0,Rochester Gas & Electric Corp
1101.0,82880712.0,0.5541090560211076,347711.0,111271.0,2309.224609375,0.6609368124678253,3.309999942779541,8.510000228881836,16183.0,Rochester Gas & Electric Corp
1102.0,9740966.0,0.7720930124487992,30148.0,10546.0,2554.350341796875,0.5956614037415418,4.059999942779541,9.470000267028809,16195.0,City of Rock Hill - (SC)
1103.0,3620805.0,0.5984967336589261,19150.0,5597.0,2265.795654296875,0.7018798955613577,2.9200000762939453,7.429999828338623,16196.0,Rock Energy Cooperative
1104.0,3620805.0,0.5984967336589261,19150.0,5597.0,2265.795654296875,0.7018798955613577,2.9200000762939453,7.429999828338623,16196.0,Rock Energy Cooperative
1105.0,10636884.0,0.6006466685024531,52021.0,9839.0,2840.365478515625,0.8656504104111801,2.619999885559082,8.399999618530273,16213.0,Rockland Electric Co
1106.0,10636884.0,0.6006466685024531,52021.0,9839.0,2840.365478515625,0.8656504104111801,2.619999885559082,8.399999618530273,16213.0,Rockland Electric Co
1107.0,10636884.0,0.6006466685024531,52021.0,9839.0,2840.365478515625,0.8656504104111801,2.619999885559082,8.399999618530273,16213.0,Rockland Electric Co
1108.0,4596813.0,0.8715409639644606,11244.0,4359.0,2600.2138671875,0.75,4.050000190734863,8.949999809265137,16223.0,City of Rockwood - (TN)
1109.0,3617235.0,0.839385505158441,14041.0,6292.0,2019.2276611328125,0.44448401111031977,3.990000009536743,7.800000190734863,16226.0,City of Rocky Mount - (NC)
1110.0,1755182.0,0.8254485156538962,6346.0,3626.0,1774.4429931640625,0.41632524424834544,4.46999979019165,7.710000038146973,16259.0,City of Rolla - (MO)
1111.0,1253131.0,0.6556892402580545,3668.0,1527.0,2280.9716796875,0.732824427480916,4.260000228881836,8.979999542236328,16286.0,Rosebud Electric Coop Inc
1112.0,5833159.0,0.7277396255032292,48139.0,10740.0,2164.87548828125,0.6687093624711772,2.3499999046325684,7.360000133514404,16295.0,City of Roseville - (CA)
1113.0,3563970.0,0.618743682875527,10748.0,2895.0,2944.80029296875,0.8580200967621883,3.7300000190734863,10.0600004196167,16368.0,Runestone Electric Assn
1114.0,2701141.0,0.8578044786755007,7757.0,3292.0,2516.858642578125,0.6863478148768853,4.539999961853027,8.600000381469727,16382.0,"Rural Electric Coop, Inc - (OK)"
1115.0,1341965.0,0.8813201539636082,2857.0,1568.0,2518.357421875,0.6293314665733286,5.429999828338623,8.914999961853027,16458.0,City of Russellville - (AL)
1117.0,11031079.0,0.8414699089818418,36206.0,15852.0,2307.11669921875,0.6549466939181351,4.070000171661377,8.170000076293945,16461.0,"Rusk County Electric Coop, Inc"
1118.0,461547.0,0.5418481326025172,6494.0,3446.0,1060.8128662109375,0.4799815214043733,2.375,4.255000114440918,16463.0,City of Ruston - (LA)
1119.0,13067101.0,0.8333793630042934,59176.0,26042.0,1999.7803955078125,0.7197174530214951,3.6500000953674316,7.179999828338623,16496.0,Rutherford Elec Member Corp
1120.0,82778608.0,0.7318197115637984,563086.0,176207.0,2048.85791015625,0.5780129500644662,2.640000104904175,6.940000057220459,16534.0,Sacramento Municipal Util Dist
1121.0,1057744.0,0.7259726057367473,17338.0,6566.0,1438.5545654296875,0.5187449532818087,2.2899999618530273,4.849999904632568,16555.0,Salem Electric - (OR)
1122.0,1643772.0,0.7452736208168417,10455.0,3023.0,2148.729248046875,0.7285509325681492,2.9600000381469727,7.739999771118164,16558.0,City of Salem - (VA)
1123.0,751131.0,0.7374346557445703,1716.0,866.0,2247.32080078125,0.7756410256410257,4.904999732971191,9.729999542236328,16565.0,Salmon River Electric Coop Inc
1124.0,133291920.0,0.9179337517348368,910901.0,287911.0,2065.363037109375,0.6195217702033481,2.7899999618530273,6.599999904632568,16572.0,Salt River Project
1125.0,9873712.0,0.8141823471097954,47468.0,14855.0,2367.88916015625,0.8106935198449482,3.2899999618530273,7.96999979019165,16587.0,Salt River Electric Coop Corp
1126.0,5441094.0,0.5289426536080928,8272.0,3520.0,3060.258056640625,0.7334381044487428,5.429999828338623,11.210000038146973,16603.0,"San Luis Valley R E C, Inc"
1127.0,36190776.0,0.8998503310746891,285141.0,102141.0,1783.4661865234375,0.6333954078859231,2.630000114440918,6.210000038146973,16604.0,City of San Antonio - (TX)
1128.0,13639989.0,0.9248654100299512,28998.0,15089.0,2352.402587890625,0.7404303745085868,5.28000020980835,10.329999923706055,16606.0,"Santee Electric Coop, Inc"
1129.0,361689568.0,0.8009154348825415,1248148.0,344918.0,2828.8466796875,0.5526451991270266,3.25,9.119999885559082,16609.0,San Diego Gas & Electric Co
1130.0,361689568.0,0.8009154348825415,1248148.0,344918.0,2828.8466796875,0.5526451991270266,3.25,9.119999885559082,16609.0,San Diego Gas & Electric Co
1131.0,2452502.0,0.6674738937794154,9244.0,3510.0,2358.7255859375,0.7361531804413673,4.099999904632568,8.359999656677246,16611.0,Access Energy Coop
1132.0,72189.0,0.5781632311141572,1473.0,384.0,1278.955322265625,0.38764426340801084,1.2799999713897705,5.139999866485596,16612.0,City & County of San Francisco
1133.0,39940300.0,0.8320956789381164,155306.0,51535.0,2478.0751953125,0.7414845530758631,3.319999933242798,8.229999542236328,16613.0,Sam Houston Electric Coop Inc
1134.0,7341157.0,0.6712477997538514,21047.0,8473.0,2392.7314453125,0.7098873948781299,4.119999885559082,9.069999694824219,16616.0,"San Isabel Electric Assn, Inc"
1135.0,3301204.0,0.5497433077875454,7114.0,2364.0,2823.41357421875,0.6802080404835535,4.059999942779541,10.765000343322754,16622.0,"San Miguel Power Assn, Inc"
1136.0,9523850.0,0.9258673505220981,32425.0,13562.0,2257.471435546875,0.6982266769468003,3.7899999618530273,8.4399995803833,16627.0,San Patricio Electric Coop Inc
1137.0,8113722.0,0.8485241948229951,21578.0,11162.0,2360.052001953125,0.776948744091204,4.869999885559082,8.4399995803833,16629.0,Sand Mountain Electric Coop
1139.0,15455658.0,0.8665771094951794,60656.0,22287.0,2396.39013671875,0.555905433922448,3.509999990463257,7.980000019073486,16638.0,"San Bernard Electric Coop, Inc"
1140.0,1533014.0,0.6126079365262989,45205.0,8740.0,1369.162109375,0.4307488109722376,1.2699999809265137,4.670000076293945,16655.0,City of Santa Clara - (CA)
1141.0,14489055.0,0.9695095878690585,45822.0,23995.0,2050.67138671875,0.6686962594386976,4.519999980926514,8.25,16674.0,Satilla Rural Elec Member Corporation
1142.0,4443227.0,0.5950551875086852,17761.0,5618.0,2435.822021484375,0.7584032430606384,3.630000114440918,8.510000228881836,16740.0,Scenic Rivers Energy Coop
1143.0,4443227.0,0.5950551875086852,17761.0,5618.0,2435.822021484375,0.7584032430606384,3.630000114440918,8.510000228881836,16740.0,Scenic Rivers Energy Coop
1144.0,3724233.0,0.7691973477508195,19922.0,6280.0,2253.767333984375,0.7180002007830539,3.369999885559082,7.644999980926514,16751.0,Three Rivers Electric Coop
1145.0,2886612.0,0.7728182697493653,9798.0,4639.0,2190.576904296875,0.6952439273321086,4.355000019073486,8.119999885559082,16805.0,SEMO Electric Cooperative
1146.0,1200058.0,0.8835570814933995,3306.0,1400.0,2309.201416015625,0.70508166969147,4.110000133514404,9.9399995803833,16829.0,City of Scottsboro - (AL)
1167.0,17987416.0,0.6854839362637564,144146.0,28096.0,2457.390869140625,0.8332107724113053,2.309999942779541,7.400000095367432,16865.0,Sawnee Electric Membership Corporation
1168.0,13838939.0,0.7513965390889197,328295.0,72889.0,1464.3338623046875,0.467884067683029,1.6299999952316284,5.050000190734863,16868.0,City of Seattle - (WA)
1169.0,1380978.0,0.8697236334115311,8011.0,3970.0,1699.2227783203125,0.5833229309699164,3.4100000858306885,6.46999979019165,16900.0,City of Seguin - (TX)
1170.0,7877717.0,0.8473788575684885,24061.0,10845.0,2254.720703125,0.7772328664644029,4.139999866485596,8.670000076293945,16930.0,Sequachee Valley Electric Coop
1171.0,3877404.0,0.8908816592521608,25709.0,11332.0,1803.5228271484375,0.683807227041114,3.369999885559082,6.349999904632568,16949.0,Sevier County Electric System
1172.0,1216694.0,0.6675477543565959,16629.0,3412.0,2226.9189453125,0.7592158277707619,2.309999942779541,6.150000095367432,16971.0,Shakopee Public Utilities Comm
1173.0,722730.0,0.5299737262909866,4221.0,1426.0,2006.0679931640625,0.7711442786069652,3.0199999809265137,7.015000343322754,17011.0,Shawano Municipal Utilities
1174.0,4648729.0,0.8452648776866223,12874.0,5512.0,2401.346435546875,0.7394749106726736,4.28000020980835,9.625,17033.0,Sheffield Utilities
1175.0,3759110.0,0.7373377292393539,13681.0,4669.0,2601.233642578125,0.7451209706892771,3.890000104904175,8.220000267028809,17038.0,RushShelby Energy
1176.0,5572694.0,0.7200195052307548,13192.0,4889.0,2662.7685546875,0.7131594906003639,4.650000095367432,10.399999618530273,17040.0,"Shelby Electric Coop, Inc - (IL)"
1177.0,4575068.0,0.8129532233760814,12708.0,4656.0,2756.31005859375,0.779508970727101,4.28000020980835,9.364999771118164,17044.0,"Shelby Energy Coop, Inc - (KY)"
1179.0,20285134.0,0.6783243406240628,76498.0,24844.0,2412.409423828125,0.6882271431932862,3.5899999141693115,8.229999542236328,17066.0,Shenandoah Valley Elec Coop
1180.0,4932782.0,0.428724184842348,30083.0,8543.0,2237.857177734375,0.6606056576804175,2.759999990463257,7.619999885559082,17127.0,Town of Shrewsbury - (MA)
1181.0,39252772.0,0.5710501940377513,279651.0,85956.0,1943.841796875,0.6213995301286246,2.5399999618530273,6.090000152587891,17166.0,Sierra Pacific Power Co
1182.0,39252772.0,0.5710501940377513,279651.0,85956.0,1943.841796875,0.6213995301286246,2.5399999618530273,6.090000152587891,17166.0,Sierra Pacific Power Co
1183.0,331659.0,0.8622589571059718,1033.0,745.0,1574.0462646484375,0.26137463697967084,5.559999942779541,7.840000152587891,17177.0,City of Sikeston - (MO)
1184.0,1181225.0,0.7408519757509252,3867.0,1811.0,2355.6494140625,0.6343418670804241,4.059999942779541,7.900000095367432,17184.0,City of Siloam Springs - (AR)
1185.0,15744024.0,0.9293661348278723,59988.0,25358.0,2089.576416015625,0.6679335867173435,3.690000057220459,8.09000015258789,17252.0,Singing River Elec Cooperative
1186.0,15744024.0,0.9293661348278723,59988.0,25358.0,2089.576416015625,0.6679335867173435,3.690000057220459,8.09000015258789,17252.0,Singing River Elec Cooperative
1187.0,1087007.0,0.6900729505175145,9721.0,2669.0,1950.6204833984375,0.7699825120872338,2.630000114440918,6.519999980926514,17260.0,North West Rural Electric Coop
1188.0,928109.0,0.7022115479471162,2728.0,901.0,2501.809326171875,0.7782258064516129,3.490000009536743,10.0,17261.0,Slope Electric Coop Inc
1189.0,5095415.0,0.670108800692504,25714.0,7755.0,2298.775390625,0.670763008477872,3.2100000381469727,7.179999828338623,17267.0,Sioux Valley SW Elec Coop
1190.0,5095415.0,0.670108800692504,25714.0,7755.0,2298.775390625,0.670763008477872,3.2100000381469727,7.179999828338623,17267.0,Sioux Valley SW Elec Coop
1191.0,113058.0,0.5967707182847325,2221.0,454.0,1820.0501708984375,0.7622692480864476,2.0999999046325684,5.260000228881836,17324.0,Slinger Utilities
1192.0,451340.0,0.8738143630703582,2003.0,1216.0,1781.4014892578125,0.4438342486270594,4.809999942779541,7.090000152587891,17452.0,City of Smithville - (TN)
1193.0,4602679.0,0.6267802264798454,37217.0,8992.0,2126.030517578125,0.7625816159282048,2.440000057220459,6.71999979019165,17470.0,PUD No 1 of Snohomish County
1194.0,562388.0,0.39457106511772017,5682.0,1867.0,1583.1480712890625,0.6545230552622316,2.299999952316284,5.659999847412109,17512.0,Village of Solvay - (NY)
1195.0,6993407.0,0.9186125624082576,13842.0,6708.0,2590.364990234375,0.7048836873284208,5.409999847412109,10.484999656677246,17534.0,"South Alabama Elec Coop, Inc"
1196.0,181730608.0,0.919905473714552,557701.0,198409.0,2525.81005859375,0.6511356443685774,3.9600000381469727,9.430000305175781,17539.0,"Dominion Energy South Carolina, Inc"
1197.0,2651465.0,0.8360260140431045,7533.0,3484.0,2345.398681640625,0.7180406212664278,4.650000095367432,8.744999885559082,17540.0,"South Central Ark El Coop, Inc"
1198.0,7575640.0,0.9301251589687933,67974.0,22498.0,1755.0108642578125,0.6897784446994439,2.6600000858306885,6.230000019073486,17543.0,South Carolina Public Service Authority
1199.0,2814484.0,0.616551048539095,8300.0,2665.0,2676.357177734375,0.7968674698795181,4.019999980926514,9.079999923706055,17550.0,South Central Electric Assn
1200.0,45644128.0,0.7182180876755969,146196.0,60821.0,2359.85693359375,0.6390735724643629,3.9700000286102295,8.470000267028809,17561.0,South Plains Electric Coop Inc
1201.0,45644128.0,0.7182180876755969,146196.0,60821.0,2359.85693359375,0.6390735724643629,3.9700000286102295,8.470000267028809,17561.0,South Plains Electric Coop Inc
1202.0,15921136.0,0.9074806944787571,49408.0,26392.0,1959.6502685546875,0.749190414507772,4.53000020980835,8.40999984741211,17564.0,South Kentucky Rural E C C
1203.0,15921136.0,0.9074806944787571,49408.0,26392.0,1959.6502685546875,0.749190414507772,4.53000020980835,8.40999984741211,17564.0,South Kentucky Rural E C C
1204.0,4137986.0,0.8227094422809234,14233.0,6543.0,1926.0985107421875,0.7024520480573315,3.640000104904175,8.229999542236328,17565.0,South Louisiana Elec Coop Assn
1205.0,13712783.0,0.8737519586766797,37885.0,17114.0,2356.83935546875,0.6800580704764418,4.510000228881836,8.880000114440918,17572.0,South River Elec Member Corp
1206.0,683549.0,0.7877858330934493,5212.0,1968.0,2076.209716796875,0.6300844205679201,3.1700000762939453,5.869999885559082,17577.0,City of South Sioux City
1207.0,10718804.0,0.8040634448502673,30312.0,12950.0,2406.538818359375,0.7491422538928477,4.440000057220459,9.109999656677246,17585.0,"Southeastern IL Elec Coop, Inc"
1208.0,3914088.0,0.6796846331515028,7208.0,3629.0,2595.282470703125,0.6743895671476138,5.625,10.609999656677246,17592.0,Southeast Colorado Power Assn
1209.0,8696784.0,0.811868527953418,24081.0,7481.0,2859.16455078125,0.8136705286325319,4.119999885559082,9.989999771118164,17599.0,Southeastern Indiana R E M C
1210.0,4448475.0,0.8758431059583615,12895.0,5966.0,2410.6728515625,0.6556029468786352,4.579999923706055,8.40999984741211,17603.0,Southeastern Electric Coop Inc - (OK)
1211.0,849729344.0,0.7116481968656571,4323311.0,1411217.0,2260.213134765625,0.5852826687693761,2.7899999618530273,7.159999847412109,17609.0,Southern California Edison Co
1212.0,849729344.0,0.7116481968656571,4323311.0,1411217.0,2260.213134765625,0.5852826687693761,2.7899999618530273,7.159999847412109,17609.0,Southern California Edison Co
1213.0,3051826.0,0.543188280386225,6106.0,2326.0,2897.353515625,0.6577137242056993,4.659999847412109,10.899999618530273,17612.0,Bear Valley Electric Service
1214.0,46072648.0,0.831627256810891,118216.0,40744.0,2774.234130859375,0.699287744467754,4.360000133514404,9.890000343322754,17633.0,Southern Indiana Gas & Elec Co
1215.0,23705600.0,0.7614161177303844,126538.0,24546.0,2760.8828125,0.7863882786198613,2.7100000381469727,8.800000190734863,17637.0,Southern Maryland Elec Coop Inc
1216.0,23705600.0,0.7614161177303844,126538.0,24546.0,2760.8828125,0.7863882786198613,2.7100000381469727,8.800000190734863,17637.0,Southern Maryland Elec Coop Inc
1217.0,2977857.0,0.6794285656621636,25215.0,8437.0,1889.7625732421875,0.7261947253618878,2.880000114440918,6.329999923706055,17642.0,Southern Public Power District
1218.0,6527240.0,0.9071084087076821,17131.0,9281.0,2140.11669921875,0.7158951608195668,5.090000152587891,8.600000381469727,17646.0,"Southern Pine Elec Coop, Inc"
1219.0,27490624.0,0.8331481977313908,55269.0,27380.0,2491.02734375,0.7925057446308057,5.139999866485596,10.390000343322754,17647.0,Southern Pine Electric Cooperative
1220.0,4645154.0,0.7723637282879927,20026.0,7734.0,2258.577392578125,0.6442624588035554,3.635000228881836,7.679999828338623,17671.0,Southwest Arkansas E C C
1221.0,4645154.0,0.7723637282879927,20026.0,7734.0,2258.577392578125,0.6442624588035554,3.635000228881836,7.679999828338623,17671.0,Southwest Arkansas E C C
1222.0,4645154.0,0.7723637282879927,20026.0,7734.0,2258.577392578125,0.6442624588035554,3.635000228881836,7.679999828338623,17671.0,Southwest Arkansas E C C
1223.0,14515978.0,0.8490071769623266,20063.0,12281.0,2530.72900390625,0.7105617305487714,7.170000076293945,12.270000457763672,17683.0,Southwest Mississippi E P A
1224.0,21187388.0,0.8386738825965203,86876.0,40715.0,1874.854248046875,0.666098807495741,3.690000057220459,7.800000190734863,17684.0,Southwest Louisiana E M C
1225.0,685341.0,0.5722937216515084,2274.0,911.0,2305.048828125,0.7568161829375549,4.46999979019165,8.670000076293945,17692.0,Southwest Public Power Dist
1226.0,4319007.0,0.8481574093122998,11527.0,4632.0,2599.2744140625,0.6673896070096296,4.230000019073486,9.220000267028809,17693.0,"Southwest Texas Elec Coop, Inc"
1227.0,21159434.0,0.8069804008663848,47461.0,17084.0,2988.57861328125,0.7689049956806642,4.590000152587891,9.84000015258789,17694.0,Southwest Tennessee E M C
1228.0,9971130.0,0.7486668990918071,31406.0,10662.0,2519.536376953125,0.7243520346430619,3.8499999046325684,9.510000228881836,17697.0,Southwestern Electric Coop Inc - (IL)
1229.0,93889144.0,0.8426992306129532,225650.0,101753.0,2481.718017578125,0.6350897407489475,4.650000095367432,9.720000267028809,17698.0,Southwestern Electric Power Co
1230.0,93889144.0,0.8426992306129532,225650.0,101753.0,2481.718017578125,0.6350897407489475,4.650000095367432,9.720000267028809,17698.0,Southwestern Electric Power Co
1231.0,93889144.0,0.8426992306129532,225650.0,101753.0,2481.718017578125,0.6350897407489475,4.650000095367432,9.720000267028809,17698.0,Southwestern Electric Power Co
1236.0,1586150.0,0.7068785751353585,1363.0,686.0,3584.611572265625,0.7050623624358033,8.569999694824219,14.180000305175781,17715.0,Southwestern Electric Coop Inc - (NM)
1237.0,1586150.0,0.7068785751353585,1363.0,686.0,3584.611572265625,0.7050623624358033,8.569999694824219,14.180000305175781,17715.0,Southwestern Electric Coop Inc - (NM)
1238.0,1586150.0,0.7068785751353585,1363.0,686.0,3584.611572265625,0.7050623624358033,8.569999694824219,14.180000305175781,17715.0,Southwestern Electric Coop Inc - (NM)
1239.0,1586150.0,0.7068785751353585,1363.0,686.0,3584.611572265625,0.7050623624358033,8.569999694824219,14.180000305175781,17715.0,Southwestern Electric Coop Inc - (NM)
1240.0,87023192.0,0.7645902364599008,343235.0,131278.0,2280.778564453125,0.6615205325797194,3.4800000190734863,7.980000019073486,17718.0,Southwestern Public Service Co
1241.0,87023192.0,0.7645902364599008,343235.0,131278.0,2280.778564453125,0.6615205325797194,3.4800000190734863,7.980000019073486,17718.0,Southwestern Public Service Co
1242.0,624484.0,0.568668080572661,10430.0,2817.0,1836.870361328125,0.7508149568552253,2.0999999046325684,4.340000152587891,17732.0,Spanish Fork City Corporation
1243.0,422462.0,0.8195770581584525,1951.0,880.0,2048.06640625,0.726294208098411,3.9600000381469727,6.984999656677246,17740.0,City of Sparta
1244.0,872931.0,0.6403613359849826,1534.0,907.0,2521.2880859375,0.7340286831812256,6.489999771118164,9.319999694824219,17826.0,"Springer Electric Coop, Inc"
1245.0,9684560.0,0.6346088583787618,48592.0,18240.0,1835.7432861328125,0.6258849193282845,3.190000057220459,7.829999923706055,17828.0,City of Springfield - (IL)
1246.0,1074739.0,0.8382821903249725,3289.0,1675.0,2029.4951171875,0.5120097294010337,4.210000038146973,7.730000019073486,17829.0,City of Springfield - (TN)
1247.0,15453151.0,0.7189856603457919,87734.0,27676.0,2357.250732421875,0.7231745959377208,3.3299999237060547,7.230000019073486,17832.0,Snapping Shoals El Member Corp
1248.0,17076612.0,0.7455068136609199,93540.0,38729.0,1916.532958984375,0.5770151806713706,3.4800000190734863,7.059999942779541,17833.0,City Utilities of Springfield - (MO)
1249.0,1077416.0,0.8316918120985936,27425.0,10448.0,1170.962646484375,0.5603281677301732,1.8799999952316284,4.039999961853027,17839.0,City of Springfield - (OR)
1250.0,737030.0,0.5740754777664515,7415.0,2624.0,1836.6114501953125,0.6720161834120026,2.509999990463257,4.980000019073486,17845.0,City of Springville - (UT)
1251.0,2650825.0,0.5566692755607934,18803.0,4275.0,2420.7939453125,0.7320640323352656,2.619999885559082,7.440000057220459,17860.0,City of St Charles - (IL)
1252.0,3318578.0,0.781555402013581,30704.0,10248.0,1817.12939453125,0.652716258467952,2.6500000953674316,5.789999961853027,17874.0,City of St George
1253.0,239267.0,0.6050132796904388,2318.0,574.0,2154.18115234375,0.7303710094909405,3.190000057220459,6.909999847412109,17891.0,City of St Marys - (OH)
1255.0,2459701.0,0.8235083076616435,4685.0,2840.0,2081.811279296875,0.4096051227321238,6.090000152587891,11.565000534057617,18006.0,City of Starkville
1256.0,7128386.0,0.6207652264556189,26883.0,7665.0,2644.70947265625,0.8202209574824239,3.509999990463257,8.739999771118164,18019.0,Stearns Cooperative Elec Assn
1257.0,1254629.0,0.8108131532491757,9830.0,3218.0,1930.2681884765625,0.7192268565615463,2.7300000190734863,6.434999942779541,18022.0,City of Statesville - (NC)
1258.0,2719348.0,0.5884772187044915,9901.0,2376.0,2887.531982421875,0.8733461266538733,3.4200000762939453,8.96500015258789,18047.0,Steele-Waseca Cooperative Electric
1259.0,36279780.0,0.7071887656618953,136468.0,44683.0,2474.656005859375,0.7784315737022599,3.509999990463257,8.369999885559082,18085.0,South Central Power Company
1260.0,1534254.0,0.48879962307926705,7269.0,2097.0,2455.985595703125,0.6593754299078277,3.049999952316284,8.5600004196167,18087.0,Town of Sterling - (MA)
1261.0,5936279.0,0.7902320164201128,16993.0,8097.0,2190.15380859375,0.5286882834108162,4.510000228881836,8.899999618530273,18125.0,Stillwater Utilities Authority
1262.0,479351.0,0.6365307601475383,7382.0,1855.0,1773.125,0.6094554321322135,2.25,5.599999904632568,18181.0,City of Stoughton - (WI)
1280.0,8047141.0,0.8893113746674796,23524.0,10430.0,2262.147705078125,0.7082128889644618,4.179999828338623,9.210000038146973,18203.0,Tallapoosa River Elec Coop Inc
1281.0,341789.0,0.5656664218858296,4001.0,1038.0,2265.338134765625,0.791302174456386,2.5399999618530273,5.0,18206.0,Strawberry Electric Serv Dist
1282.0,114055.0,0.6069711283848195,2606.0,797.0,1489.3707275390625,0.6696085955487336,2.559999942779541,4.78000020980835,18249.0,City of Sturgeon Bay - (WI)
1283.0,1272494.0,0.5790187022396364,5522.0,1961.0,2310.38818359375,0.746106483158276,3.7300000190734863,7.619999885559082,18252.0,City of Sturgis - (MI)
1284.0,1498861.0,0.4940545673448778,5255.0,2027.0,2347.138427734375,0.734919124643197,3.869999885559082,8.069999694824219,18260.0,Surprise Valley Electrification
1285.0,1498861.0,0.4940545673448778,5255.0,2027.0,2347.138427734375,0.734919124643197,3.869999885559082,8.069999694824219,18260.0,Surprise Valley Electrification
1286.0,1498861.0,0.4940545673448778,5255.0,2027.0,2347.138427734375,0.734919124643197,3.869999885559082,8.069999694824219,18260.0,Surprise Valley Electrification
1287.0,12793938.0,0.6954117194276415,41387.0,14842.0,2464.74072265625,0.7044240945224346,3.9600000381469727,9.09000015258789,18280.0,Sulphur Springs Valley E C Inc
1288.0,28656012.0,0.9009999495910777,159978.0,52370.0,2139.79638671875,0.8219442673367588,3.3499999046325684,7.329999923706055,18304.0,"Sumter Electric Coop, Inc"
1289.0,5101289.0,0.9128900203065937,13000.0,5699.0,2444.829345703125,0.6461538461538462,4.400000095367432,9.5600004196167,18305.0,Sumter Electric Member Corp
1290.0,755915.0,0.6270142172118212,14282.0,3345.0,1668.3153076171875,0.5850721187508753,2.069999933242798,5.190000057220459,18312.0,Sun Prairie Utilities
1291.0,2037845.0,0.6454396776452407,11774.0,4465.0,1983.5775146484375,0.584423305588585,3.4000000953674316,7.489999771118164,18336.0,Superior Water and Light Co
1292.0,10031623.0,0.8715370185010329,23712.0,9886.0,2617.29931640625,0.7652665317139001,4.510000228881836,9.90999984741211,18339.0,Surry-Yadkin Elec Member Corp
1293.0,6297877.0,0.9011885848279162,20317.0,10069.0,2096.155029296875,0.7150169808534724,4.340000152587891,7.909999847412109,18360.0,Suwannee Valley Elec Coop Inc
1294.0,1691504.0,0.9189645021113285,5149.0,2607.0,2109.23681640625,0.6329384346475043,4.519999980926514,8.600000381469727,18384.0,City of Sweetwater
1296.0,5804233.0,0.7115035830042696,151955.0,34539.0,1496.3660888671875,0.585423316113323,1.649999976158142,4.559999942779541,18429.0,City of Tacoma - (WA)
1297.0,14312386.0,0.908286937348595,79372.0,33828.0,1728.6728515625,0.4164944816811974,3.1600000858306885,7.03000020980835,18445.0,City of Tallahassee - (FL)
1298.0,10588680.0,0.725167136906931,18530.0,9540.0,2662.729736328125,0.6921208850512682,5.730000019073486,10.489999771118164,18447.0,Tallahatchie Valley E P A
1299.0,11904327.0,0.8931389504276015,43214.0,16179.0,2288.90234375,0.7581570787244875,3.5399999618530273,8.5,18449.0,"Talquin Electric Coop, Inc"
1300.0,84685664.0,0.9613715083718514,589311.0,208866.0,1896.845703125,0.6098138334427832,2.869999885559082,6.710000038146973,18454.0,Tampa Electric Co
1301.0,452472.0,0.7146618681631608,1334.0,691.0,2117.1591796875,0.5569715142428786,4.845000267028809,8.270000457763672,18466.0,Town of Tarboro - (NC)
1302.0,866931.0,0.8276718187614469,1774.0,1002.0,2448.528564453125,0.415445321307779,5.519999980926514,9.739999771118164,18472.0,City of Tarrant
1304.0,14118788.0,0.49528317327889904,70712.0,22656.0,2322.969482421875,0.619399818984048,3.0899999141693115,8.0,18488.0,City of Taunton
1305.0,4674637.0,0.8230689271094658,22899.0,10572.0,1804.368408203125,0.7123455172714965,3.490000009536743,7.349999904632568,18498.0,Taylor County Rural E C C
1306.0,5581144.0,0.9633962265364187,11921.0,6153.0,2473.4423828125,0.6833319352403322,5.269999980926514,9.899999618530273,18499.0,Three Notch Elec Member Corp
1312.0,7047220.0,0.8552277847840806,12666.0,5919.0,2794.12255859375,0.7481446391915364,5.449999809265137,10.569999694824219,18643.0,Tennessee Valley Electric Coop
1313.0,872641.0,0.9140178205950981,4715.0,1855.0,1970.9700927734375,0.5541887592788971,3.6600000858306885,6.869999885559082,18848.0,City of Thomasville - (GA)
1314.0,1642967.0,0.8696973342634277,10520.0,3831.0,1878.599609375,0.7257604562737643,3.119999885559082,6.760000228881836,18917.0,Tillamook Peoples Utility Dist
1315.0,6527098.0,0.7467788242147482,25266.0,10212.0,2229.869384765625,0.5754769255125465,3.8299999237060547,7.960000038146973,18940.0,Tipmont Rural Elec Member Corp
1316.0,3286266.0,0.7850793772179006,7072.0,3850.0,2395.123779296875,0.7043269230769231,5.599999904632568,9.8100004196167,18943.0,Tippah Electric Power Assn
1317.0,4803815.0,0.783855656182181,8030.0,4344.0,2605.9892578125,0.7154420921544209,6.234999656677246,11.84000015258789,18951.0,Tishomingo County E P A
1318.0,9595167.0,0.7619068051166313,21778.0,8279.0,2758.165771484375,0.7446964826889522,4.639999866485596,10.430000305175781,18955.0,"Tri-County Electric Coop, Inc (IL)"
1319.0,8050896.0,0.889575411381684,17810.0,8332.0,2491.28271484375,0.6944413250982594,4.78000020980835,9.9399995803833,18956.0,Tri-County Elec Member Corp (GA)
1320.0,5708286.0,0.8676893257856643,18837.0,8756.0,2240.255615234375,0.6238254499124064,4.320000171661377,8.109999656677246,18957.0,Tri-County Elec Member Corp (NC)
1321.0,25439976.0,0.8590477999132857,145590.0,54477.0,1948.2403564453125,0.5795109554227625,2.9700000286102295,6.769999980926514,18976.0,Trinity Valley Elec Coop Inc
1324.0,51254128.0,0.64032641976389,225570.0,83666.0,2206.450439453125,0.6370084674380458,3.619999885559082,8.050000190734863,18997.0,The Toledo Edison Co
1325.0,51254128.0,0.64032641976389,225570.0,83666.0,2206.450439453125,0.6370084674380458,3.619999885559082,8.050000190734863,18997.0,The Toledo Edison Co
1326.0,10510776.0,0.7719941446887254,32754.0,12233.0,2479.278076171875,0.7585333089088355,3.809999942779541,9.079999923706055,19007.0,Tombigbee Electric Power Assn
1341.0,8850888.0,0.851383514031033,17958.0,7226.0,2735.269775390625,0.6979062256375989,4.909999847412109,11.130000114440918,19108.0,Tideland Electric Member Corp
1342.0,661885.0,0.5289634178714393,8468.0,2894.0,1508.7869873046875,0.5988427019367029,2.4000000953674316,5.519999980926514,19125.0,City of Traverse City - (MI)
1346.0,516475.0,0.8494969662111946,952.0,493.0,2531.7529296875,0.40336134453781514,5.265000343322754,9.550000190734863,19149.0,City of Trenton - (TN)
1347.0,5511340.0,0.754286254279662,12938.0,5972.0,2533.8056640625,0.752357396815582,5.070000171661377,9.15999984741211,19154.0,Tri-State Electric Member Corp
1348.0,5511340.0,0.754286254279662,12938.0,5972.0,2533.8056640625,0.752357396815582,5.070000171661377,9.15999984741211,19154.0,Tri-State Electric Member Corp
1349.0,5511340.0,0.754286254279662,12938.0,5972.0,2533.8056640625,0.752357396815582,5.070000171661377,9.15999984741211,19154.0,Tri-State Electric Member Corp
1350.0,7159501.0,0.549192407933692,24265.0,7192.0,2400.710205078125,0.7843807953842984,2.990000009536743,9.09000015258789,19156.0,Powder River Energy Corp
1351.0,7159501.0,0.549192407933692,24265.0,7192.0,2400.710205078125,0.7843807953842984,2.990000009536743,9.09000015258789,19156.0,Powder River Energy Corp
1352.0,8008776.0,0.6140183457222139,25968.0,7619.0,2754.554443359375,0.7944393099199014,3.890000104904175,9.25,19157.0,MiEnergy Cooperative
1353.0,8008776.0,0.6140183457222139,25968.0,7619.0,2754.554443359375,0.7944393099199014,3.890000104904175,9.25,19157.0,MiEnergy Cooperative
1354.0,27695328.0,0.8110259709840208,215113.0,63951.0,2057.95263671875,0.6308451836941514,2.5999999046325684,6.400000095367432,19159.0,"Tri-County Electric Coop, Inc (TX)"
1355.0,4369855.0,0.7007548720379453,11016.0,4678.0,2655.74658203125,0.6884531590413944,4.739999771118164,9.15999984741211,19160.0,"Tri-County Electric Coop, Inc (OK)"
1356.0,4369855.0,0.7007548720379453,11016.0,4678.0,2655.74658203125,0.6884531590413944,4.739999771118164,9.15999984741211,19160.0,"Tri-County Electric Coop, Inc (OK)"
1357.0,4369855.0,0.7007548720379453,11016.0,4678.0,2655.74658203125,0.6884531590413944,4.739999771118164,9.15999984741211,19160.0,"Tri-County Electric Coop, Inc (OK)"
1358.0,4369855.0,0.7007548720379453,11016.0,4678.0,2655.74658203125,0.6884531590413944,4.739999771118164,9.15999984741211,19160.0,"Tri-County Electric Coop, Inc (OK)"
1359.0,4369855.0,0.7007548720379453,11016.0,4678.0,2655.74658203125,0.6884531590413944,4.739999771118164,9.15999984741211,19160.0,"Tri-County Electric Coop, Inc (OK)"
1360.0,6498614.0,0.8830099321945893,14536.0,7205.0,2440.04931640625,0.7519950467804073,5.170000076293945,9.5600004196167,19161.0,"Tri-County Electric Coop, Inc (FL)"
1361.0,16547030.0,0.8750458940879733,37241.0,18127.0,2522.802001953125,0.7446362879621922,4.900000095367432,9.1899995803833,19162.0,Tri-County Elec Member Corp (TN)
1362.0,16547030.0,0.8750458940879733,37241.0,18127.0,2522.802001953125,0.7446362879621922,4.900000095367432,9.1899995803833,19162.0,Tri-County Elec Member Corp (TN)
1363.0,11225946.0,0.7703203789439552,44470.0,14217.0,2306.54736328125,0.8173375309197212,3.4200000762939453,8.300000190734863,19189.0,Trico Electric Cooperative Inc
1364.0,11132571.0,0.858225850390584,26433.0,10728.0,2650.716552734375,0.5675481405818484,4.480000019073486,10.149999618530273,19219.0,Diverse Power Incorporated
1365.0,11132571.0,0.858225850390584,26433.0,10728.0,2650.716552734375,0.5675481405818484,4.480000019073486,10.149999618530273,19219.0,Diverse Power Incorporated
1366.0,450742.0,0.9190025586413626,1211.0,854.0,1593.0859375,0.1610239471511148,6.099999904632568,9.239999771118164,19225.0,City of Troy - (AL)
1367.0,1717132.0,0.8248949267043743,7148.0,3202.0,2006.4241943359375,0.635282596530498,3.619999885559082,6.650000095367432,19266.0,Tullahoma Board-Public Utils
1368.0,2032329.0,0.7393553858875895,6346.0,3077.0,2015.35205078125,0.49700598802395207,4.320000171661377,8.479999542236328,19273.0,City of Tupelo - (MS)
1369.0,2037637.0,0.5597914506074617,2103.0,934.0,4419.83154296875,0.4893009985734665,5.269999980926514,10.399999618530273,19277.0,TDX North Slope Generating Co
1370.0,15591634.0,0.7302140568736236,73043.0,29791.0,2249.144287109375,0.5893240967649193,3.3299999237060547,7.059999942779541,19281.0,Turlock Irrigation District
1371.0,2698711.0,0.681545711220507,18342.0,4059.0,2245.281494140625,0.7530258423290808,2.559999942779541,6.739999771118164,19293.0,Southeastern Electric Coop Inc - (SD)
1372.0,1063833.0,0.7912626147562744,4124.0,1967.0,2104.57421875,0.5938409311348206,4.110000133514404,7.139999866485596,19307.0,City of Tuscumbia
1373.0,409469.0,0.5835305823000068,5156.0,1663.0,1794.7108154296875,0.7587276958882855,2.7899999618530273,5.380000114440918,19324.0,Two Rivers Water & Light
1374.0,1088706.0,0.7637444623480053,11539.0,4273.0,1738.0172119140625,0.6965074963168385,2.640000104904175,5.320000171661377,19325.0,Umatilla Electric Coop Assn
1376.0,11766810.0,0.5798339795897881,57745.0,21632.0,2014.9947509765625,0.6620659797385055,3.2899999618530273,7.260000228881836,19390.0,"UGI Utilities, Inc"
1377.0,11766810.0,0.5798339795897881,57745.0,21632.0,2014.9947509765625,0.6620659797385055,3.2899999618530273,7.260000228881836,19390.0,"UGI Utilities, Inc"
1378.0,5279529.0,0.5903967265337563,20642.0,6654.0,2457.229736328125,0.7472144172076349,3.609999895095825,8.350000381469727,19396.0,Tri-County Electric Coop (MI)
1379.0,3452773.0,0.8355203446949196,4562.0,2568.0,2776.9697265625,0.46931170539237177,6.070000171661377,9.494999885559082,19430.0,City of Union City
1380.0,12347182.0,0.7994242947849817,68951.0,17817.0,2520.98486328125,0.8305318269495728,2.950000047683716,7.579999923706055,19435.0,Union Electric Membership Corp - (NC)
1381.0,159842576.0,0.7328376093866866,984607.0,313344.0,2034.195068359375,0.687457026001237,2.9600000381469727,7.300000190734863,19436.0,Union Electric Co - (MO)
1382.0,2596251.0,0.7495489305710932,8287.0,2789.0,2634.084716796875,0.8181489079280801,4.119999885559082,8.930000305175781,19445.0,"Southern Indiana R E C, Inc"
1383.0,16948008.0,0.7495396259684104,119935.0,38160.0,1935.214599609375,0.665710593238004,2.740000009536743,6.789999961853027,19446.0,Duke Energy Kentucky
1384.0,23686230.0,0.8141758018217566,161297.0,52423.0,2019.521240234375,0.634667724756195,2.700000047683716,6.480000019073486,19490.0,United Electric Coop Service Inc - (TX)
1385.0,125112384.0,0.6338405506668203,270006.0,78190.0,3390.913330078125,0.6463819322533574,4.190000057220459,11.369999885559082,19497.0,United Illuminating Co
1386.0,125112384.0,0.6338405506668203,270006.0,78190.0,3390.913330078125,0.6463819322533574,4.190000057220459,11.369999885559082,19497.0,United Illuminating Co
1387.0,5782914.0,0.665444800531915,82904.0,16603.0,2051.799560546875,0.8217576956479784,2.049999952316284,5.710000038146973,19499.0,"United Power, Inc"
1388.0,2868260.0,0.6750172744060037,19041.0,3694.0,2596.04443359375,0.8151882779265794,2.7799999713897705,7.650000095367432,19501.0,"Union Rural Electric Coop, Inc"
1389.0,526204.0,0.8182725606036538,3052.0,1562.0,1639.8607177734375,0.7057667103538663,2.9800000190734863,5.71999979019165,19502.0,"United Electric Co-op, Inc - (ID)"
1391.0,12310661.0,0.7169586416462592,52573.0,17498.0,2296.556396484375,0.7069218039678162,3.5,7.829999923706055,19545.0,"Black Hills Power, Inc."
1392.0,12310661.0,0.7169586416462592,52573.0,17498.0,2296.556396484375,0.7069218039678162,3.5,7.829999923706055,19545.0,"Black Hills Power, Inc."
1393.0,12310661.0,0.7169586416462592,52573.0,17498.0,2296.556396484375,0.7069218039678162,3.5,7.829999923706055,19545.0,"Black Hills Power, Inc."
1394.0,129108544.0,0.925306173622036,321031.0,94306.0,3377.856201171875,0.5819749494597095,3.700000047683716,9.399999618530273,19547.0,Hawaiian Electric Co Inc
1395.0,11225438.0,0.6258695843743662,13831.0,5755.0,3697.94775390625,0.7834574506543273,5.150000095367432,12.220000267028809,19558.0,Homer Electric Assn Inc
1396.0,13342709.0,0.8672019090859363,41329.0,18313.0,2328.41796875,0.7734278593723536,4.289999961853027,8.1899995803833,19574.0,Upper Cumberland E M C
1397.0,26188216.0,0.6241837133175681,36222.0,13962.0,3364.7421875,0.7881950196013473,5.96999979019165,12.744999885559082,19578.0,Upper Peninsula Power Company
1398.0,26188216.0,0.6241837133175681,36222.0,13962.0,3364.7421875,0.7881950196013473,5.96999979019165,12.744999885559082,19578.0,Upper Peninsula Power Company
1399.0,20273036.0,0.8271698151053816,86187.0,34370.0,2126.35009765625,0.6929235267499739,3.4700000286102295,7.670000076293945,19579.0,Upshur Rural Elec Coop Corp
1400.0,2387626.0,0.6003590990652794,11426.0,5266.0,1762.527587890625,0.6998949763696832,3.309999942779541,6.829999923706055,19603.0,USBIA-Mission Valley Power
1401.0,3699967.0,0.679413580764397,11577.0,5099.0,2374.175048828125,0.7131381186835968,3.990000009536743,8.239999771118164,19604.0,USBIA-San Carlos Project
1402.0,6258719.0,0.7959147985211196,17331.0,6115.0,2765.77001953125,0.804165945415729,4.170000076293945,9.239999771118164,19667.0,Utilities Dist-Western IN REMC
1403.0,15773563.0,0.673775220852219,65934.0,26163.0,2124.481689453125,0.7419085752419086,3.740000009536743,7.619999885559082,19728.0,"UNS Electric, Inc"
1404.0,627869.0,0.6044433757927558,10729.0,3490.0,1384.1669921875,0.6371516450740983,2.009999990463257,4.320000171661377,19784.0,Vera Irrigation District #15
1405.0,6455365.0,0.7358964688463705,29746.0,12454.0,2125.2236328125,0.6695017817521683,3.6500000953674316,7.349999904632568,19785.0,Verdigris Valley Elec Coop Inc
1406.0,1375826.0,0.6778874807807175,12174.0,3429.0,1829.037353515625,0.6160670280926565,2.450000047683716,6.269999980926514,19790.0,Verendrye Electric Coop Inc
1407.0,24638860.0,0.4520762747052868,40949.0,13822.0,3324.072021484375,0.7933771276465847,4.960000038146973,12.329999923706055,19791.0,"Vermont Electric Cooperative, Inc"
1408.0,0.0,0.5687251741113192,88.0,29.0,1065.883544921875,0.022727272727272728,1.4199999570846558,3.0799999237060547,19798.0,City of Vernon
1409.0,6407290.0,0.8896725582082463,41831.0,16045.0,1870.8131103515625,0.6947001027945782,2.9200000762939453,6.730000019073486,19806.0,"Victoria Electric Coop, Inc"
1410.0,2825843.0,0.6833667436355021,12675.0,4683.0,2485.632568359375,0.6959368836291914,3.869999885559082,7.519999980926514,19820.0,Victory Electric Coop Assn Inc
1411.0,9056341.0,0.8369852337479582,19491.0,7811.0,2635.533203125,0.7486532245651839,4.679999828338623,10.289999961853027,19840.0,"Valley Electric Assn, Inc"
1412.0,9056341.0,0.8369852337479582,19491.0,7811.0,2635.533203125,0.7486532245651839,4.679999828338623,10.289999961853027,19840.0,"Valley Electric Assn, Inc"
1413.0,7308580.0,0.6929996909321178,20706.0,7921.0,2744.68896484375,0.6708200521587946,4.239999771118164,8.869999885559082,19856.0,City of Vineland - (NJ)
1415.0,419234208.0,0.7908069925560272,2216377.0,575670.0,2323.154052734375,0.6409040519731075,2.75,8.15999984741211,19876.0,Virginia Electric & Power Co
1416.0,419234208.0,0.7908069925560272,2216377.0,575670.0,2323.154052734375,0.6409040519731075,2.75,8.15999984741211,19876.0,Virginia Electric & Power Co
1417.0,419234208.0,0.7908069925560272,2216377.0,575670.0,2323.154052734375,0.6409040519731075,2.75,8.15999984741211,19876.0,Virginia Electric & Power Co
1418.0,1059144.0,0.844032474068982,1995.0,1163.0,1802.497802734375,0.17192982456140352,6.699999809265137,17.110000610351562,19882.0,Virginia Tech Electric Service
1419.0,228963.0,0.7150094132310976,1042.0,333.0,2289.065673828125,0.6190019193857965,3.390000104904175,7.75,19896.0,City of Volga - (SD)
1420.0,22655284.0,0.8429271465921391,101053.0,39666.0,2099.781005859375,0.7924752357673696,3.5,7.570000171661377,19898.0,Volunteer Electric Coop
1421.0,2257026.0,0.5982184475972478,24405.0,6314.0,1894.7880859375,0.7652939971317353,2.380000114440918,6.360000133514404,19951.0,City of Wadsworth - (OH)
1422.0,9279188.0,0.8191311455208787,41423.0,11152.0,2619.344482421875,0.8186514738188929,3.119999885559082,8.524999618530273,19981.0,Wake Electric Membership Corp
1423.0,4985840.0,0.48360565806393174,23789.0,7245.0,2352.0234375,0.6233973685316743,3.0999999046325684,8.170000076293945,20038.0,Town of Wallingford - (CT)
1424.0,22612772.0,0.7330351502556762,109383.0,30563.0,2631.24951171875,0.7718018339230045,3.259999990463257,7.920000076293945,20065.0,Walton Electric Member Corp
1425.0,676690.0,0.6102132623157991,4521.0,1530.0,2055.8740234375,0.6224286662242866,3.180000066757202,6.800000190734863,20077.0,City of Wapakoneta - (OH)
1426.0,14452827.0,0.800679657458799,59572.0,24140.0,2186.0224609375,0.7341368428120594,3.7200000286102295,7.71999979019165,20130.0,Warren Rural Elec Coop Corp
1428.0,1778772.0,0.7937123487349068,3419.0,1721.0,2423.5009765625,0.6039777712781516,5.46999979019165,11.010000228881836,20142.0,City of Washington - (NC)
1429.0,6276086.0,0.8721032760578041,13245.0,6383.0,2495.2509765625,0.7110607776519441,4.920000076293945,10.0600004196167,20146.0,Washington Elec Member Corp
1430.0,5886079.0,0.5289508829343671,10100.0,2697.0,3652.17822265625,0.8564356435643564,4.760000228881836,12.739999771118164,20151.0,Washington Electric Coop - (VT)
1431.0,29274240.0,0.6879478184713842,222035.0,80454.0,1762.12158203125,0.6716508658544824,2.700000047683716,6.039999961853027,20169.0,Avista Corp
1432.0,29274240.0,0.6879478184713842,222035.0,80454.0,1762.12158203125,0.6716508658544824,2.700000047683716,6.039999961853027,20169.0,Avista Corp
1433.0,29274240.0,0.6879478184713842,222035.0,80454.0,1762.12158203125,0.6716508658544824,2.700000047683716,6.039999961853027,20169.0,Avista Corp
1434.0,557346.0,0.813159302749315,1637.0,740.0,2359.43701171875,0.6084300549786195,4.989999771118164,8.315000534057617,20176.0,City of Water Valley - (MS)
1435.0,174065.0,0.6420482774046614,1491.0,411.0,2047.221435546875,0.7297116029510395,2.7100000381469727,6.429999828338623,20182.0,Waterloo Light & Water Comm
1436.0,1152504.0,0.6602291140394253,9627.0,3431.0,1760.758544921875,0.666770541186247,2.7699999809265137,6.070000171661377,20187.0,Watertown Municipal Utilities
1437.0,312414.0,0.6349746811712267,5541.0,1294.0,1717.577880859375,0.5908680743548096,2.119999885559082,5.119999885559082,20211.0,Village of Waunakee - (WI)
1438.0,276122.0,0.5966535707153683,3574.0,971.0,1899.913818359375,0.7056519306099608,2.5899999141693115,5.670000076293945,20213.0,Waupun Utilities
1439.0,3455383.0,0.6763584906219239,11168.0,4693.0,2418.432861328125,0.6990508595988538,4.309999942779541,8.430000305175781,20216.0,Whitewater Valley Rural EMC
1440.0,9860656.0,0.754609410414162,16189.0,6566.0,3057.19384765625,0.7794181234171351,5.400000095367432,12.15999984741211,20222.0,Wayne-White Counties Elec Coop
1441.0,6329723.0,0.8612261950757126,13213.0,6547.0,2601.46337890625,0.6669946265042004,5.400000095367432,8.859999656677246,20228.0,Weakley County Mun Elec Sys
1442.0,4520078.0,0.8397131429463504,26791.0,7316.0,2329.27099609375,0.8188570788697697,2.7200000286102295,7.360000133514404,20230.0,Weatherford Mun Utility System
1443.0,2682032.0,0.5082165380177441,18240.0,4063.0,2365.239013671875,0.6792214912280702,2.4600000381469727,8.100000381469727,20310.0,Town of Wellesley - (MA)
1444.0,2682032.0,0.5082165380177441,18240.0,4063.0,2365.239013671875,0.6792214912280702,2.4600000381469727,8.100000381469727,20310.0,Town of Wellesley - (MA)
1445.0,2865951.0,0.6754809289212323,16590.0,6277.0,2018.9200439453125,0.7397227245328512,3.240000009536743,6.760000228881836,20318.0,Webster Electric Coop
1446.0,1077318.0,0.5979010280079591,4613.0,1807.0,2057.35693359375,0.6173856492521136,3.180000066757202,7.679999828338623,20332.0,Wells Rural Electric Co
1447.0,1077318.0,0.5979010280079591,4613.0,1807.0,2057.35693359375,0.6173856492521136,3.180000066757202,7.679999828338623,20332.0,Wells Rural Electric Co
1448.0,2218716.0,0.6199450298122685,6568.0,2635.0,2537.039306640625,0.7445188794153471,4.295000076293945,8.649999618530273,20334.0,Wellsborough Electric Co
1449.0,2218716.0,0.6199450298122685,6568.0,2635.0,2537.039306640625,0.7445188794153471,4.295000076293945,8.649999618530273,20334.0,Wellsborough Electric Co
1450.0,2933010.0,0.7213997979518595,13270.0,4433.0,2455.337890625,0.6654860587792012,3.5399999618530273,7.539999961853027,20363.0,West Central Electric Coop Inc - (MO)
1451.0,8207489.0,0.9165629302057612,20946.0,10840.0,2262.245849609375,0.7555141793182469,4.849999904632568,8.789999961853027,20371.0,"West Florida El Coop Assn, Inc"
1452.0,13813092.0,0.7561988827360411,39446.0,17517.0,2360.5771484375,0.7323429498554986,4.449999809265137,9.119999885559082,20377.0,West Kentucky Rural E C C
1453.0,1277438.0,0.7217118566894516,8394.0,4006.0,1651.5018310546875,0.5830355015487253,3.240000009536743,6.269999980926514,20382.0,City of West Memphis - (AR)
1454.0,88130784.0,0.564626038443292,549744.0,177392.0,1977.39208984375,0.752066416368346,2.880000114440918,7.110000133514404,20387.0,West Penn Power Company
1455.0,88130784.0,0.564626038443292,549744.0,177392.0,1977.39208984375,0.752066416368346,2.880000114440918,7.110000133514404,20387.0,West Penn Power Company
1456.0,1753415.0,0.7383555473546505,2637.0,1660.0,2221.627685546875,0.521805081532044,6.940000057220459,12.824999809265137,20394.0,City of West Point - (MS)
1457.0,2893352.0,0.7019819427827674,17438.0,6185.0,1969.6156005859375,0.6726688840463356,3.0899999141693115,6.659999847412109,20401.0,West River Electric Assn Inc
1458.0,651353.0,0.5906800602730594,10949.0,3054.0,1436.8802490234375,0.5995981368161476,1.8200000524520874,4.730000019073486,20413.0,Mountrail-Williams Elec Coop
1459.0,287626.0,0.5864611375320748,946.0,376.0,2393.385498046875,0.7938689217758985,4.015000343322754,8.78499984741211,20434.0,City of Westby
1460.0,3382780.0,0.8640241353445333,11025.0,4761.0,2261.753173828125,0.7050340136054422,4.0,8.359999656677246,20472.0,"Wharton County Elec Coop, Inc"
1461.0,2861230.0,0.7189141367501551,6198.0,2256.0,2961.739990234375,0.7741206840916425,5.170000076293945,10.385000228881836,20476.0,Western Coop Electric Assn Inc
1462.0,3104791.0,0.6884310344513979,31454.0,9191.0,1775.8389892578125,0.5696572772938259,2.440000057220459,6.260000228881836,20477.0,City of Westerville - (OH)
1463.0,11627643.0,0.4951998325195765,32827.0,12291.0,2637.198486328125,0.6134279708776312,4.059999942779541,9.430000305175781,20481.0,City of Westfield - (MA)
1464.0,7450336.0,0.7037257385709353,21484.0,8039.0,2648.21875,0.6799944144479613,4.400000095367432,9.020000457763672,20510.0,"Wheatland Electric Coop, Inc"
1465.0,7450336.0,0.7037257385709353,21484.0,8039.0,2648.21875,0.6799944144479613,4.400000095367432,9.020000457763672,20510.0,"Wheatland Electric Coop, Inc"
1466.0,8496369.0,0.731495783609502,29048.0,11880.0,2184.054443359375,0.7435968052877995,3.940000057220459,8.75,20521.0,Wheeling Power Co
1467.0,16009921.0,0.8237553492606984,41472.0,17600.0,2545.68798828125,0.7362075617283951,4.610000133514404,9.229999542236328,20574.0,White River Valley El Coop Inc
1468.0,647149.0,0.5263275396620851,1589.0,576.0,2781.244140625,0.7262429200755192,4.579999923706055,9.475000381469727,20576.0,"White River Electric Assn, Inc"
1469.0,101840.0,0.6426707701990735,720.0,205.0,2235.382080078125,0.7402777777777778,3.2799999713897705,6.340000152587891,20583.0,Whitehall Electric Utility
1470.0,4334441.0,0.6881646280852282,26287.0,6129.0,2490.727783203125,0.8668543386464792,2.990000009536743,7.519999980926514,20603.0,Northeastern Rural E M C
1471.0,5846990.0,0.6250055416975276,13652.0,4553.0,2990.6474609375,0.8138734251391737,4.429999828338623,10.65999984741211,20639.0,"Wild Rice Electric Coop, Inc"
1477.0,1392203.0,0.6753494798522804,7626.0,3199.0,1787.681396484375,0.5892997639653816,3.0399999618530273,6.78000020980835,20737.0,Willmar Municipal Utilities
1478.0,7665962.0,0.8729737625212607,26823.0,11098.0,2277.51171875,0.6400104388025202,3.8499999046325684,8.359999656677246,20785.0,City of Wilson - (NC)
1479.0,911182.0,0.8323113706813591,3377.0,1340.0,2147.35009765625,0.7216464317441517,3.5999999046325684,7.525000095367432,20793.0,City of Winchester - (TN)
1480.0,754247.0,0.7255997626263953,1557.0,770.0,2556.34130859375,0.6082209377007065,5.21999979019165,9.469999313354492,20813.0,City of Winfield - (KS)
1481.0,5911190.0,0.9738017415274125,18123.0,8200.0,2277.922119140625,0.6689289852673398,4.400000095367432,8.779999732971191,20841.0,"Wiregrass Electric Coop, Inc"
1483.0,122583768.0,0.6585214366209855,923152.0,284263.0,2010.61767578125,0.6331785014818795,2.809999942779541,6.690000057220459,20847.0,Wisconsin Electric Power Co
1484.0,42588944.0,0.6430435808757341,336038.0,90163.0,2122.897705078125,0.7248614739999643,2.819999933242798,6.710000038146973,20856.0,Wisconsin Power & Light Co
1485.0,43446748.0,0.6270576018979647,334152.0,101000.0,1973.922119140625,0.7088480691421868,2.8399999141693115,6.46999979019165,20860.0,Wisconsin Public Service Corp
1486.0,278729.0,0.5572127914548857,4813.0,1363.0,1626.2349853515625,0.7145231664242676,2.4100000858306885,5.369999885559082,20862.0,Wisconsin Rapids W W & L Comm
1487.0,26919784.0,0.9657976951293855,172403.0,65942.0,1938.8594970703125,0.774365875303794,3.240000009536743,6.71999979019165,20885.0,Withlacoochee River Elec Coop
1488.0,18587624.0,0.8351444278112783,68321.0,26821.0,2316.29248046875,0.7319125891014476,3.7100000381469727,8.170000076293945,20927.0,"Wood County Electric Coop, Inc"
1489.0,6070030.0,0.7899270811517636,37400.0,9176.0,2358.111572265625,0.6933422459893048,2.6500000953674316,7.494999885559082,20948.0,Wise Electric Coop Inc
1490.0,4915057.0,0.7888261611138975,10017.0,5822.0,2255.590576171875,0.5750224618149147,5.929999828338623,10.40999984741211,20963.0,Woodruff Electric Coop Corp
1491.0,5317767.0,0.6448123496126916,50816.0,8941.0,2352.853759765625,0.8580171599496221,2.2699999809265137,6.800000190734863,20996.0,Wright-Hennepin Coop Elec Assn
1492.0,2943430.0,0.649579283946559,18951.0,6115.0,1960.927001953125,0.6883014088966282,2.859999895095825,6.840000152587891,20997.0,Yellowstone Valley Elec Co-op
1493.0,11712224.0,0.7640958305994657,51547.0,13781.0,2589.36328125,0.8027237278600112,3.180000066757202,8.760000228881836,21002.0,York Electric Coop Inc
1494.0,11712224.0,0.7640958305994657,51547.0,13781.0,2589.36328125,0.8027237278600112,3.180000066757202,8.760000228881836,21002.0,York Electric Coop Inc
1495.0,969909.0,0.5660748298953382,4611.0,2026.0,2154.515625,0.6530036868358273,3.799999952316284,6.805000305175781,21013.0,City of Worthington - (MN)
1496.0,2512469.0,0.6302671705379829,10528.0,4420.0,1918.0897216796875,0.6317439209726444,3.490000009536743,7.889999866485596,21048.0,Wyandotte Municipal Serv Comm
1497.0,1826059.0,0.634727790030397,4572.0,1733.0,2768.704833984375,0.702755905511811,4.420000076293945,8.970000267028809,21075.0,Y-W Electric Assn Inc
1498.0,1826059.0,0.634727790030397,4572.0,1733.0,2768.704833984375,0.702755905511811,4.420000076293945,8.970000267028809,21075.0,Y-W Electric Assn Inc
1499.0,3404920.0,0.5905696094802035,15215.0,4281.0,2345.891357421875,0.7286230693394676,3.130000114440918,8.779999732971191,21081.0,Yampa Valley Electric Assn Inc
1500.0,3404920.0,0.5905696094802035,15215.0,4281.0,2345.891357421875,0.7286230693394676,3.130000114440918,8.779999732971191,21081.0,Yampa Valley Electric Assn Inc
1502.0,754222.0,0.6798334552194993,4428.0,1290.0,2286.837158203125,0.8200090334236676,3.1500000953674316,7.369999885559082,21111.0,Perennial Public Power Dist
1503.0,4403110.0,0.8187734812296712,8140.0,3034.0,3062.07568359375,0.74004914004914,4.619999885559082,11.789999961853027,21114.0,Yazoo Valley Elec Power Assn
1504.0,294626.0,0.5132647234362101,5378.0,1449.0,1660.4990234375,0.7885831164001488,2.0949997901916504,4.75,21158.0,City of Zeeland - (MI)
1505.0,20224200.0,0.8225738252815697,51673.0,17097.0,2775.838623046875,0.7758210283900683,4.099999904632568,10.270000457763672,21244.0,"Southside Electric Coop, Inc"
1506.0,3197422.0,0.6001458694775473,6008.0,2433.0,2851.92578125,0.7178761651131824,4.860000133514404,10.289999961853027,21513.0,"Fergus Electric Coop, Inc"
1507.0,8295545.0,0.7300602674241978,24397.0,12026.0,2173.9521484375,0.6546296675820797,4.690000057220459,8.220000267028809,21538.0,"Mohave Electric Cooperative, Inc."
1508.0,5914403.0,0.8567767803566524,41566.0,15136.0,1755.7615966796875,0.7296829139200308,2.7100000381469727,6.670000076293945,21567.0,"Washington-St Tammany E C, Inc"
1509.0,15230615.0,0.8135380503149848,101106.0,32783.0,1987.7877197265625,0.7367020750499476,2.8299999237060547,6.869999885559082,21632.0,EnergyUnited Elec Member Corp
1510.0,65564624.0,0.8652731084788656,109515.0,58652.0,2604.0615234375,0.7365109802310186,5.96999979019165,11.119999885559082,22053.0,Kentucky Power Co
1511.0,82181272.0,0.6938246452884569,322985.0,113885.0,2363.02490234375,0.6289053671223122,3.6500000953674316,8.369999885559082,22500.0,"Evergy Kansas Central, Inc"
1512.0,1333994.0,0.8414851066565253,3581.0,1675.0,2380.549560546875,0.5872661267802289,4.510000228881836,8.859999656677246,22690.0,Roosevelt County Elec Coop Inc
1513.0,287673.0,0.7291985716072525,1264.0,512.0,2482.65234375,0.8346518987341772,3.994999885559082,6.050000190734863,22814.0,Raft Rural Elec Coop Inc
1514.0,287673.0,0.7291985716072525,1264.0,512.0,2482.65234375,0.8346518987341772,3.994999885559082,6.050000190734863,22814.0,Raft Rural Elec Coop Inc
1515.0,287673.0,0.7291985716072525,1264.0,512.0,2482.65234375,0.8346518987341772,3.994999885559082,6.050000190734863,22814.0,Raft Rural Elec Coop Inc
1516.0,13375049.0,0.7343817578026792,18266.0,10671.0,2682.781005859375,0.6070842001532902,7.150000095367432,12.09000015258789,22815.0,Delta Electric Power Assn
1517.0,5994159.0,0.8219763430528959,23443.0,6409.0,2746.246826171875,0.7897453397602696,3.6700000762939453,8.819999694824219,22822.0,Clark County Rural E M C - (IN)
1518.0,91944768.0,0.8310985373620832,359320.0,140961.0,2226.31982421875,0.6117277078926862,3.7200000286102295,8.220000267028809,24211.0,Tucson Electric Power Co
1519.0,17912828.0,0.5074440333494107,61523.0,14834.0,2958.58203125,0.6777302797327829,3.490000009536743,10.279999732971191,24590.0,Unitil Energy Systems
1520.0,17912828.0,0.5074440333494107,61523.0,14834.0,2958.58203125,0.6777302797327829,3.490000009536743,10.279999732971191,24590.0,Unitil Energy Systems
1521.0,2070028.0,0.7589456346378465,14728.0,2847.0,2500.10205078125,0.8294405214557306,2.5199999809265137,7.769999980926514,24753.0,Boone County Rural EMC
1522.0,11382683.0,0.9169724255549683,38064.0,13944.0,2292.372314453125,0.792691256830601,3.799999952316284,9.25,24889.0,Brunswick Electric Member Corp
1523.0,4311318.0,0.7932503313129349,41351.0,12095.0,1914.5816650390625,0.5579792508040918,2.609999895095825,6.150000095367432,24949.0,Cass County Elec Coop Inc
1524.0,8812792.0,0.6595874096752822,101033.0,18342.0,2287.66259765625,0.7965714172597073,2.309999942779541,6.579999923706055,25177.0,Dakota Electric Association
1525.0,4025017.0,0.7635389817432527,13962.0,5326.0,2411.103515625,0.7259704913336198,3.9600000381469727,8.369999885559082,25295.0,Western Indiana Energy REMC
1526.0,51990.0,0.8545442934542302,293.0,106.0,1990.0074462890625,0.7679180887372014,3.2100000381469727,7.010000228881836,25866.0,Ak-Chin Electric Utility Authority
1527.0,9668052.0,0.4893869252989858,34575.0,8161.0,3010.147705078125,0.7072161966738973,3.5199999809265137,9.779999732971191,26510.0,Liberty Utilities (Granite State Electri
1528.0,9668052.0,0.4893869252989858,34575.0,8161.0,3010.147705078125,0.7072161966738973,3.5199999809265137,9.779999732971191,26510.0,Liberty Utilities (Granite State Electri
1529.0,76792696.0,0.6639292842606241,196418.0,73713.0,2570.71044921875,0.6864187599914469,4.010000228881836,9.390000343322754,27000.0,WAPA-- Western Area Power Administration
1530.0,76792696.0,0.6639292842606241,196418.0,73713.0,2570.71044921875,0.6864187599914469,4.010000228881836,9.390000343322754,27000.0,WAPA-- Western Area Power Administration
1531.0,76792696.0,0.6639292842606241,196418.0,73713.0,2570.71044921875,0.6864187599914469,4.010000228881836,9.390000343322754,27000.0,WAPA-- Western Area Power Administration
1532.0,76792696.0,0.6639292842606241,196418.0,73713.0,2570.71044921875,0.6864187599914469,4.010000228881836,9.390000343322754,27000.0,WAPA-- Western Area Power Administration
1533.0,76792696.0,0.6639292842606241,196418.0,73713.0,2570.71044921875,0.6864187599914469,4.010000228881836,9.390000343322754,27000.0,WAPA-- Western Area Power Administration
1534.0,76792696.0,0.6639292842606241,196418.0,73713.0,2570.71044921875,0.6864187599914469,4.010000228881836,9.390000343322754,27000.0,WAPA-- Western Area Power Administration
1535.0,76792696.0,0.6639292842606241,196418.0,73713.0,2570.71044921875,0.6864187599914469,4.010000228881836,9.390000343322754,27000.0,WAPA-- Western Area Power Administration
1536.0,76792696.0,0.6639292842606241,196418.0,73713.0,2570.71044921875,0.6864187599914469,4.010000228881836,9.390000343322754,27000.0,WAPA-- Western Area Power Administration
1537.0,76792696.0,0.6639292842606241,196418.0,73713.0,2570.71044921875,0.6864187599914469,4.010000228881836,9.390000343322754,27000.0,WAPA-- Western Area Power Administration
1538.0,76792696.0,0.6639292842606241,196418.0,73713.0,2570.71044921875,0.6864187599914469,4.010000228881836,9.390000343322754,27000.0,WAPA-- Western Area Power Administration
1539.0,76792696.0,0.6639292842606241,196418.0,73713.0,2570.71044921875,0.6864187599914469,4.010000228881836,9.390000343322754,27000.0,WAPA-- Western Area Power Administration
1540.0,76792696.0,0.6639292842606241,196418.0,73713.0,2570.71044921875,0.6864187599914469,4.010000228881836,9.390000343322754,27000.0,WAPA-- Western Area Power Administration
1541.0,76792696.0,0.6639292842606241,196418.0,73713.0,2570.71044921875,0.6864187599914469,4.010000228881836,9.390000343322754,27000.0,WAPA-- Western Area Power Administration
1542.0,1239517.0,0.6287856294015576,5623.0,1603.0,2466.92333984375,0.834607860572648,3.25,8.359999656677246,27058.0,"High West Energy, Inc"
1543.0,1239517.0,0.6287856294015576,5623.0,1603.0,2466.92333984375,0.834607860572648,3.25,8.359999656677246,27058.0,"High West Energy, Inc"
1544.0,1239517.0,0.6287856294015576,5623.0,1603.0,2466.92333984375,0.834607860572648,3.25,8.359999656677246,27058.0,"High West Energy, Inc"
1545.0,503773.0,0.7851453363744948,1031.0,603.0,2279.214111328125,0.3918525703200776,5.590000152587891,10.5,27222.0,City of Ripley - (TN)
1546.0,15853878.0,0.7630232313145898,36616.0,18318.0,2424.081298828125,0.6643270701332751,5.130000114440918,9.510000228881836,27238.0,"Southwest Electric Coop, Inc"
1547.0,24307110.0,0.8429616892435134,56518.0,22355.0,2839.93603515625,0.6006228104320748,4.630000114440918,9.829999923706055,27369.0,Taylor Electric Coop Inc - (TX)
1548.0,4138566.0,0.6867093192088791,13667.0,4811.0,2660.27197265625,0.7872978707836394,4.119999885559082,8.430000305175781,27599.0,Carroll-White REMC
1549.0,161849.0,0.788995479744852,1298.0,469.0,1652.8070068359375,0.7958397534668721,2.299999952316284,6.639999866485596,28541.0,Clatskanie Peoples Util Dist
1550.0,1719205.0,0.8311991734367252,21842.0,7320.0,1561.444580078125,0.6843237798736379,2.3949999809265137,5.320000171661377,28604.0,Kerrville Public Utility Board
1556.0,1987067.0,0.9194410388710946,12366.0,7302.0,1380.373779296875,0.23508005822416303,3.700000047683716,5.760000228881836,28978.0,City of San Marcos - (TX)
1557.0,7476948.0,0.8888998733997447,24702.0,8397.0,2658.988525390625,0.780098777426929,3.799999952316284,8.449999809265137,30518.0,Electrical Dist No3 Pinal County
1558.0,7251032.0,0.9503622382584094,31175.0,11393.0,2205.5703125,0.7070408981555734,3.4200000762939453,8.069999694824219,31833.0,Okefenoke Rural El Member Corp
1559.0,7251032.0,0.9503622382584094,31175.0,11393.0,2205.5703125,0.7070408981555734,3.4200000762939453,8.069999694824219,31833.0,Okefenoke Rural El Member Corp
1560.0,41424772.0,0.5840282535774556,106328.0,37287.0,2852.929931640625,0.8445940862237604,4.349999904632568,9.420000076293945,38084.0,Great Lakes Energy Coop
1561.0,304950.0,0.7126337659190467,579.0,195.0,3178.64404296875,0.7530224525043178,5.159999847412109,11.729999542236328,40036.0,Westfield Electric Company
1562.0,5739927.0,0.8566221547575732,12566.0,6137.0,2373.49462890625,0.7903071780996339,5.039999961853027,10.199999809265137,40127.0,Clarke-Washington E M C
1563.0,414645.0,0.6032485852429993,6425.0,1860.0,1721.4764404296875,0.796887159533074,2.069999933242798,4.769999980926514,40165.0,"Dixie Escalante R E A, Inc"
1564.0,414645.0,0.6032485852429993,6425.0,1860.0,1721.4764404296875,0.796887159533074,2.069999933242798,4.769999980926514,40165.0,"Dixie Escalante R E A, Inc"
1565.0,5293629.0,0.7365369954023652,17254.0,5790.0,2548.772705078125,0.7996406630346586,3.7200000286102295,9.414999961853027,40166.0,"Chickasaw Electric Coop, Inc"
1566.0,4166812.0,0.5787806444614106,15872.0,6043.0,2238.33447265625,0.7852192540322581,3.740000009536743,8.039999961853027,40167.0,"Somerset Rural Elec Coop, Inc"
1567.0,14474368.0,0.9477593627769069,55331.0,27827.0,1864.51318359375,0.5907719000198803,3.869999885559082,7.710000038146973,40212.0,Colquitt Electric Membership Corp
1568.0,7564780.0,0.6686928661121017,39855.0,10835.0,2510.66552734375,0.7762890477982687,3.2899999618530273,7.78000020980835,40220.0,Adams Electric Cooperative Inc
1569.0,3975852.0,0.5857625274163071,11201.0,4296.0,2516.36279296875,0.7718953664851352,4.239999771118164,9.220000267028809,40221.0,"Bedford Rural Elec Coop, Inc"
1570.0,6810570.0,0.61098849228469,24786.0,8676.0,2470.43798828125,0.776083272815299,3.880000114440918,8.529999732971191,40222.0,Valley Rural Electric Coop Inc
1571.0,10068062.0,0.6233359928496692,30091.0,10513.0,2658.0703125,0.7694659532750656,4.090000152587891,9.25,40224.0,"Central Electric Coop, Inc - (PA)"
1572.0,39195484.0,0.7412091849630682,146363.0,37539.0,2746.583251953125,0.7844878828665715,3.299999952316284,8.880000114440918,40228.0,Rappahannock Electric Coop
1573.0,7667160.0,0.8245615295542154,12590.0,5358.0,3089.799560546875,0.6810961080222399,5.699999809265137,11.225000381469727,40236.0,"Forked Deer Electric Coop, Inc"
1574.0,8048163.0,0.5655622301313072,22045.0,7775.0,2705.884765625,0.7457473349965978,4.309999942779541,9.529999732971191,40289.0,Claverack Rural Elec Coop Inc
1575.0,9633737.0,0.6518839888272773,23155.0,9081.0,2801.03466796875,0.783718419347873,4.710000038146973,9.5600004196167,40290.0,Tri-County Rural Elec Coop Inc (PA)
1576.0,7763439.0,0.5729920039520603,26716.0,9862.0,2382.80224609375,0.7753406198532714,4.0,8.40999984741211,40292.0,REA Energy Coop Inc
1577.0,7437904.0,0.605745320825125,24485.0,9227.0,2425.423583984375,0.7482540330814784,4.010000228881836,8.489999771118164,40293.0,"Northwestern Rural E C A, Inc - (PA)"
1578.0,8367059.0,0.7905909164646353,20032.0,8518.0,2531.118408203125,0.6964856230031949,4.480000019073486,9.989999771118164,40302.0,North East Mississippi EPA
1579.0,3553258.0,0.83627987213928,8923.0,3639.0,2601.1015625,0.8168777317045837,4.289999961853027,9.550000190734863,40303.0,Monroe County Elec Power Assn
1580.0,1462055.0,0.6326189202526648,4938.0,1558.0,2659.188232421875,0.8005265289590927,3.940000057220459,8.78499984741211,40304.0,Minnesota Valley Coop L&P Assn
1582.0,2111827.0,0.8327638831617057,18742.0,6526.0,1760.62353515625,0.6833315547967133,2.630000114440918,6.190000057220459,40437.0,Emerald People's Utility Dist
1583.0,2111827.0,0.8327638831617057,18742.0,6526.0,1760.62353515625,0.6833315547967133,2.630000114440918,6.190000057220459,40437.0,Emerald People's Utility Dist
1584.0,532513.0,0.71867095754807,13895.0,3914.0,1466.1953125,0.7432889528607413,1.8799999952316284,4.590000152587891,40438.0,Columbia River Peoples Ut Dist
1585.0,741935.0,0.7503848989020213,1625.0,814.0,2365.5498046875,0.796923076923077,5.289999961853027,9.59000015258789,40441.0,Town of Murphy - (NC)
1586.0,73260.0,0.7553605030563834,1596.0,435.0,1442.859375,0.5538847117794486,1.940000057220459,4.369999885559082,40456.0,PUD No 1 of Whatcom County
1587.0,1593519.0,0.6595924802714682,18871.0,6938.0,1686.77099609375,0.6209527846960945,2.7200000286102295,5.400000095367432,40606.0,City of Grand Island - (NE)
1602.0,521713.0,0.8184792775804447,3631.0,1701.0,1487.3668212890625,0.5428256678600937,3.049999952316284,5.78000020980835,49998.0,City of Berea Municipal Utility
1653.0,333704416.0,0.6147112912858844,922073.0,255461.0,2952.344970703125,0.5594296763922162,3.5199999809265137,11.430000305175781,54913.0,NSTAR Electric Company
1654.0,333704416.0,0.6147112912858844,922073.0,255461.0,2952.344970703125,0.5594296763922162,3.5199999809265137,11.430000305175781,54913.0,NSTAR Electric Company
1662.0,2665837.0,0.7957879826058629,8965.0,3117.0,3085.78173828125,0.6812046848856664,3.819999933242798,7.829999923706055,55787.0,City of Moreno Valley - (CA)
1687.0,152990352.0,0.8459576370441032,854523.0,309832.0,2061.277587890625,0.5965304620238425,2.9800000190734863,7.03000020980835,55937.0,Entergy Texas Inc.
1688.0,1468287.0,0.6742091184883935,9460.0,2776.0,1951.98291015625,0.6865750528541226,2.5199999809265137,7.230000019073486,55959.0,Roughrider Electric Cooperativ
1689.0,7062666.0,0.7810394133937812,35182.0,14457.0,1951.412841796875,0.5851003353987835,3.200000047683716,6.809999942779541,55982.0,Heart of Texas Electric Coop
1690.0,27017232.0,0.7031970666476083,81733.0,30767.0,2505.737060546875,0.6602963307354435,3.890000104904175,8.600000381469727,56146.0,"Black Hills Colorado Electric, LLC"
1752.0,133254128.0,0.6422211833930725,580360.0,203787.0,2208.813720703125,0.7203976841960162,3.4700000286102295,8.029999732971191,56697.0,Ameren Illinois Company
1753.0,133254128.0,0.6422211833930725,580360.0,203787.0,2208.813720703125,0.7203976841960162,3.4700000286102295,8.029999732971191,56697.0,Ameren Illinois Company
1826.0,3571334.0,0.452924568574639,17382.0,5434.0,2275.75927734375,0.6007939247497411,3.2200000286102295,7.71999979019165,57483.0,Liberty Utilities
1844.0,1894811.0,0.9116633801679168,10631.0,3878.0,2104.190673828125,0.571724202803123,3.119999885559082,6.920000076293945,58124.0,City of Winter Park - (FL)
1961.0,2681327.0,0.7724433999013264,8407.0,2905.0,2280.275146484375,0.7811347686451766,3.4200000762939453,9.550000190734863,59013.0,PUD No 1 of Jefferson County
2044.0,3771952.0,0.6834640141352859,16475.0,6080.0,2280.911376953125,0.7204855842185129,3.7899999618530273,7.605000019073486,59505.0,Heartland REMC
2336.0,7923713.0,0.8241581976691311,19212.0,7549.0,2820.360595703125,0.7200187382885697,4.519999980926514,9.680000305175781,60482.0,CKenergy Electric Cooperative
2347.0,14041635.0,0.5478649509189158,29918.0,11495.0,2776.06787109375,0.7821044187445685,4.925000190734863,10.670000076293945,60631.0,Upper Michigan Energy Resources Corp.
2348.0,14041635.0,0.5478649509189158,29918.0,11495.0,2776.06787109375,0.7821044187445685,4.925000190734863,10.670000076293945,60631.0,Upper Michigan Energy Resources Corp.
2356.0,6357150.0,0.7358806292283562,13186.0,5123.0,2968.427734375,0.7121189139996966,5.130000114440918,9.960000038146973,60839.0,Southern Pioneer Electric Company
